cluster_id,cluster_size,Ki,Ki_per_Ci,avg_ms,gini_impurity,inputs
35,2,3,1.5,0.20833333333333331,0.041666666666666664,isla_no_con_473;isla_no_con_795
65,2,6,3.0,0.2916666666666667,0.20833333333333334,isla_no_con_724;isla_no_con_804
19,3,3,1.0,0.1111111111111111,0.11111111111111112,isla_no_con_298;isla_no_con_315;isla_no_con_761
34,3,5,1.6666666666666667,0.3055555555555556,0.14814814814814817,isla_no_con_427;isla_no_con_465;isla_no_con_646
25,4,8,2.0,0.33333333333333337,0.3125,isla_no_con_360;isla_no_con_421;isla_no_con_701;isla_no_con_732
4,4,1,0.25,0.041666666666666664,0.041666666666666664,isla_no_con_143;isla_no_con_161;isla_no_con_608;isla_no_con_785
13,5,2,0.4,0.11666666666666667,0.04,isla_no_con_279;isla_no_con_291;isla_no_con_336;isla_no_con_377;isla_no_con_770
56,6,1,0.16666666666666666,0.013888888888888888,0.02314814814814815,isla_no_con_125;isla_no_con_219;isla_no_con_472;isla_no_con_548;isla_no_con_676;isla_no_con_868
61,6,9,1.5,0.19444444444444445,0.25,isla_no_con_190;isla_no_con_483;isla_no_con_613;isla_no_con_729;isla_no_con_757;isla_no_con_990
12,6,3,0.5,0.13888888888888887,0.06481481481481481,isla_no_con_179;isla_no_con_263;isla_no_con_386;isla_no_con_621;isla_no_con_656;isla_no_con_90
58,7,8,1.1428571428571428,0.2619047619047619,0.28571428571428575,isla_no_con_244;isla_no_con_318;isla_no_con_371;isla_no_con_44;isla_no_con_716;isla_no_con_963;isla_no_con_977
24,7,1,0.14285714285714285,0.023809523809523808,0.034013605442176874,isla_no_con_215;isla_no_con_301;isla_no_con_350;isla_no_con_481;isla_no_con_807;isla_no_con_902;isla_no_con_995
66,7,7,1.0,0.40476190476190477,0.163265306122449,isla_no_con_146;isla_no_con_218;isla_no_con_342;isla_no_con_62;isla_no_con_805;isla_no_con_816;isla_no_con_819
3,7,3,0.42857142857142855,0.08333333333333333,0.07482993197278913,isla_no_con_100;isla_no_con_142;isla_no_con_356;isla_no_con_429;isla_no_con_572;isla_no_con_736;isla_no_con_928
77,7,1,0.14285714285714285,0.08333333333333333,0.0,isla_no_con_203;isla_no_con_400;isla_no_con_546;isla_no_con_550;isla_no_con_581;isla_no_con_774;isla_no_con_983
30,7,7,1.0,0.10714285714285714,0.17006802721088435,isla_no_con_395;isla_no_con_491;isla_no_con_535;isla_no_con_53;isla_no_con_749;isla_no_con_786;isla_no_con_891
28,7,8,1.1428571428571428,0.39285714285714285,0.28571428571428575,isla_no_con_175;isla_no_con_38;isla_no_con_557;isla_no_con_633;isla_no_con_642;isla_no_con_853;isla_no_con_949
62,7,8,1.1428571428571428,0.32142857142857145,0.30612244897959184,isla_no_con_348;isla_no_con_532;isla_no_con_537;isla_no_con_705;isla_no_con_739;isla_no_con_763;isla_no_con_969
46,8,5,0.625,0.08333333333333333,0.11458333333333333,isla_no_con_27;isla_no_con_309;isla_no_con_450;isla_no_con_508;isla_no_con_582;isla_no_con_585;isla_no_con_733;isla_no_con_964
2,8,9,1.125,0.13541666666666669,0.2109375,isla_no_con_111;isla_no_con_133;isla_no_con_365;isla_no_con_596;isla_no_con_643;isla_no_con_704;isla_no_con_794;isla_no_con_978
63,9,5,0.5555555555555556,0.12962962962962965,0.07818930041152262,isla_no_con_144;isla_no_con_476;isla_no_con_549;isla_no_con_55;isla_no_con_605;isla_no_con_677;isla_no_con_788;isla_no_con_863;isla_no_con_905
76,9,3,0.3333333333333333,0.12962962962962962,0.07407407407407408,isla_no_con_124;isla_no_con_152;isla_no_con_260;isla_no_con_327;isla_no_con_454;isla_no_con_584;isla_no_con_653;isla_no_con_923;isla_no_con_982
36,9,8,0.8888888888888888,0.2592592592592593,0.2839506172839506,isla_no_con_165;isla_no_con_2;isla_no_con_478;isla_no_con_47;isla_no_con_486;isla_no_con_492;isla_no_con_562;isla_no_con_776;isla_no_con_849
33,9,2,0.2222222222222222,0.06481481481481483,0.053497942386831275,isla_no_con_174;isla_no_con_200;isla_no_con_364;isla_no_con_39;isla_no_con_425;isla_no_con_727;isla_no_con_747;isla_no_con_851;isla_no_con_989
26,9,10,1.1111111111111112,0.24999999999999994,0.2921810699588478,isla_no_con_167;isla_no_con_378;isla_no_con_388;isla_no_con_439;isla_no_con_767;isla_no_con_826;isla_no_con_880;isla_no_con_893;isla_no_con_941
0,9,6,0.6666666666666666,0.2685185185185185,0.21810699588477367,isla_no_con_10;isla_no_con_198;isla_no_con_217;isla_no_con_502;isla_no_con_650;isla_no_con_679;isla_no_con_796;isla_no_con_836;isla_no_con_898
40,9,4,0.4444444444444444,0.06481481481481481,0.09876543209876543,isla_no_con_245;isla_no_con_271;isla_no_con_50;isla_no_con_798;isla_no_con_824;isla_no_con_84;isla_no_con_871;isla_no_con_924;isla_no_con_96
9,9,4,0.4444444444444444,0.09259259259259259,0.11522633744855966,isla_no_con_149;isla_no_con_186;isla_no_con_201;isla_no_con_209;isla_no_con_247;isla_no_con_576;isla_no_con_67;isla_no_con_87;isla_no_con_960
78,10,9,0.9,0.18333333333333332,0.23,isla_no_con_147;isla_no_con_236;isla_no_con_352;isla_no_con_389;isla_no_con_515;isla_no_con_622;isla_no_con_649;isla_no_con_866;isla_no_con_8;isla_no_con_987
21,10,10,1.0,0.2166666666666667,0.25333333333333335,isla_no_con_153;isla_no_con_258;isla_no_con_335;isla_no_con_37;isla_no_con_534;isla_no_con_627;isla_no_con_66;isla_no_con_71;isla_no_con_835;isla_no_con_922
5,10,3,0.3,0.1,0.09000000000000001,isla_no_con_145;isla_no_con_362;isla_no_con_363;isla_no_con_407;isla_no_con_426;isla_no_con_475;isla_no_con_518;isla_no_con_579;isla_no_con_738;isla_no_con_911
47,10,3,0.3,0.049999999999999996,0.07,isla_no_con_168;isla_no_con_373;isla_no_con_376;isla_no_con_538;isla_no_con_560;isla_no_con_588;isla_no_con_615;isla_no_con_655;isla_no_con_722;isla_no_con_843
59,10,6,0.6,0.15,0.10666666666666669,isla_no_con_123;isla_no_con_259;isla_no_con_314;isla_no_con_456;isla_no_con_571;isla_no_con_661;isla_no_con_671;isla_no_con_719;isla_no_con_775;isla_no_con_894
68,10,9,0.9,0.13333333333333333,0.19666666666666668,isla_no_con_192;isla_no_con_556;isla_no_con_634;isla_no_con_766;isla_no_con_822;isla_no_con_858;isla_no_con_859;isla_no_con_869;isla_no_con_879;isla_no_con_883
54,11,10,0.9090909090909091,0.2424242424242424,0.32782369146005513,isla_no_con_166;isla_no_con_170;isla_no_con_222;isla_no_con_24;isla_no_con_333;isla_no_con_563;isla_no_con_607;isla_no_con_658;isla_no_con_806;isla_no_con_814;isla_no_con_829
22,11,3,0.2727272727272727,0.1212121212121212,0.06887052341597796,isla_no_con_322;isla_no_con_332;isla_no_con_341;isla_no_con_498;isla_no_con_52;isla_no_con_626;isla_no_con_709;isla_no_con_720;isla_no_con_790;isla_no_con_827;isla_no_con_934
10,11,1,0.09090909090909091,0.01515151515151515,0.024793388429752067,isla_no_con_130;isla_no_con_223;isla_no_con_232;isla_no_con_267;isla_no_con_268;isla_no_con_423;isla_no_con_510;isla_no_con_5;isla_no_con_64;isla_no_con_713;isla_no_con_810
20,11,9,0.8181818181818182,0.24999999999999997,0.28374655647382924,isla_no_con_163;isla_no_con_330;isla_no_con_334;isla_no_con_354;isla_no_con_408;isla_no_con_461;isla_no_con_684;isla_no_con_695;isla_no_con_830;isla_no_con_938;isla_no_con_985
6,11,8,0.7272727272727273,0.11363636363636363,0.15977961432506885,isla_no_con_136;isla_no_con_150;isla_no_con_16;isla_no_con_293;isla_no_con_325;isla_no_con_452;isla_no_con_462;isla_no_con_524;isla_no_con_555;isla_no_con_586;isla_no_con_917
75,11,3,0.2727272727272727,0.06818181818181818,0.0881542699724518,isla_no_con_212;isla_no_con_344;isla_no_con_477;isla_no_con_488;isla_no_con_497;isla_no_con_540;isla_no_con_703;isla_no_con_918;isla_no_con_962;isla_no_con_968;isla_no_con_973
49,12,3,0.25,0.1527777777777778,0.09722222222222222,isla_no_con_3;isla_no_con_404;isla_no_con_405;isla_no_con_522;isla_no_con_56;isla_no_con_583;isla_no_con_59;isla_no_con_617;isla_no_con_681;isla_no_con_6;isla_no_con_875;isla_no_con_882
70,12,3,0.25,0.11111111111111112,0.12037037037037036,isla_no_con_122;isla_no_con_246;isla_no_con_296;isla_no_con_346;isla_no_con_410;isla_no_con_42;isla_no_con_471;isla_no_con_57;isla_no_con_587;isla_no_con_772;isla_no_con_940;isla_no_con_945
57,12,8,0.6666666666666666,0.1597222222222222,0.23495370370370372,isla_no_con_132;isla_no_con_242;isla_no_con_250;isla_no_con_254;isla_no_con_300;isla_no_con_379;isla_no_con_415;isla_no_con_691;isla_no_con_706;isla_no_con_86;isla_no_con_887;isla_no_con_971
11,12,4,0.3333333333333333,0.10416666666666664,0.11921296296296295,isla_no_con_211;isla_no_con_230;isla_no_con_23;isla_no_con_302;isla_no_con_303;isla_no_con_445;isla_no_con_494;isla_no_con_590;isla_no_con_593;isla_no_con_764;isla_no_con_791;isla_no_con_865
72,12,12,1.0,0.1875,0.2743055555555555,isla_no_con_127;isla_no_con_19;isla_no_con_238;isla_no_con_36;isla_no_con_611;isla_no_con_687;isla_no_con_793;isla_no_con_800;isla_no_con_802;isla_no_con_884;isla_no_con_895;isla_no_con_965
37,13,2,0.15384615384615385,0.11538461538461539,0.05325443786982248,isla_no_con_101;isla_no_con_269;isla_no_con_326;isla_no_con_482;isla_no_con_496;isla_no_con_536;isla_no_con_60;isla_no_con_700;isla_no_con_842;isla_no_con_897;isla_no_con_932;isla_no_con_958;isla_no_con_993
64,13,2,0.15384615384615385,0.1217948717948718,0.05325443786982248,isla_no_con_108;isla_no_con_169;isla_no_con_172;isla_no_con_173;isla_no_con_382;isla_no_con_606;isla_no_con_635;isla_no_con_68;isla_no_con_743;isla_no_con_755;isla_no_con_780;isla_no_con_792;isla_no_con_803
73,14,5,0.35714285714285715,0.08928571428571429,0.125,isla_no_con_105;isla_no_con_183;isla_no_con_239;isla_no_con_366;isla_no_con_417;isla_no_con_513;isla_no_con_569;isla_no_con_731;isla_no_con_919;isla_no_con_933;isla_no_con_948;isla_no_con_961;isla_no_con_967;isla_no_con_996
14,14,4,0.2857142857142857,0.03571428571428571,0.06122448979591837,isla_no_con_202;isla_no_con_234;isla_no_con_276;isla_no_con_280;isla_no_con_320;isla_no_con_367;isla_no_con_503;isla_no_con_523;isla_no_con_631;isla_no_con_674;isla_no_con_686;isla_no_con_70;isla_no_con_76;isla_no_con_991
15,14,3,0.21428571428571427,0.1369047619047619,0.05187074829931973,isla_no_con_113;isla_no_con_135;isla_no_con_282;isla_no_con_286;isla_no_con_316;isla_no_con_321;isla_no_con_384;isla_no_con_451;isla_no_con_554;isla_no_con_564;isla_no_con_641;isla_no_con_753;isla_no_con_904;isla_no_con_9
74,14,3,0.21428571428571427,0.0654761904761905,0.08078231292517007,isla_no_con_13;isla_no_con_159;isla_no_con_227;isla_no_con_257;isla_no_con_313;isla_no_con_329;isla_no_con_520;isla_no_con_612;isla_no_con_624;isla_no_con_660;isla_no_con_837;isla_no_con_867;isla_no_con_955;isla_no_con_972
48,14,4,0.2857142857142857,0.10714285714285712,0.12755102040816327,isla_no_con_162;isla_no_con_231;isla_no_con_355;isla_no_con_419;isla_no_con_435;isla_no_con_446;isla_no_con_455;isla_no_con_484;isla_no_con_599;isla_no_con_730;isla_no_con_839;isla_no_con_864;isla_no_con_912;isla_no_con_936
51,14,5,0.35714285714285715,0.07738095238095237,0.1096938775510204,isla_no_con_182;isla_no_con_193;isla_no_con_206;isla_no_con_214;isla_no_con_274;isla_no_con_383;isla_no_con_418;isla_no_con_470;isla_no_con_509;isla_no_con_565;isla_no_con_603;isla_no_con_623;isla_no_con_694;isla_no_con_69
52,14,10,0.7142857142857143,0.1845238095238095,0.2542517006802721,isla_no_con_17;isla_no_con_251;isla_no_con_317;isla_no_con_31;isla_no_con_438;isla_no_con_595;isla_no_con_648;isla_no_con_654;isla_no_con_771;isla_no_con_846;isla_no_con_861;isla_no_con_878;isla_no_con_93;isla_no_con_97
67,15,4,0.26666666666666666,0.15555555555555556,0.11703703703703701,isla_no_con_103;isla_no_con_11;isla_no_con_252;isla_no_con_275;isla_no_con_307;isla_no_con_396;isla_no_con_409;isla_no_con_467;isla_no_con_487;isla_no_con_639;isla_no_con_669;isla_no_con_672;isla_no_con_75;isla_no_con_81;isla_no_con_840
27,15,6,0.4,0.07222222222222222,0.10962962962962962,isla_no_con_139;isla_no_con_194;isla_no_con_225;isla_no_con_380;isla_no_con_387;isla_no_con_413;isla_no_con_447;isla_no_con_457;isla_no_con_614;isla_no_con_644;isla_no_con_65;isla_no_con_663;isla_no_con_896;isla_no_con_920;isla_no_con_997
7,15,3,0.2,0.11666666666666664,0.11111111111111112,isla_no_con_102;isla_no_con_180;isla_no_con_185;isla_no_con_187;isla_no_con_229;isla_no_con_416;isla_no_con_43;isla_no_con_458;isla_no_con_466;isla_no_con_516;isla_no_con_568;isla_no_con_783;isla_no_con_817;isla_no_con_942;isla_no_con_992
31,15,3,0.2,0.11666666666666665,0.1051851851851852,isla_no_con_120;isla_no_con_15;isla_no_con_277;isla_no_con_30;isla_no_con_319;isla_no_con_353;isla_no_con_368;isla_no_con_398;isla_no_con_460;isla_no_con_4;isla_no_con_600;isla_no_con_636;isla_no_con_737;isla_no_con_799;isla_no_con_854
45,15,10,0.6666666666666666,0.19999999999999998,0.2681481481481482,isla_no_con_104;isla_no_con_107;isla_no_con_158;isla_no_con_233;isla_no_con_265;isla_no_con_339;isla_no_con_359;isla_no_con_372;isla_no_con_506;isla_no_con_545;isla_no_con_580;isla_no_con_889;isla_no_con_916;isla_no_con_929;isla_no_con_99
71,16,4,0.25,0.109375,0.099609375,isla_no_con_21;isla_no_con_253;isla_no_con_29;isla_no_con_370;isla_no_con_489;isla_no_con_529;isla_no_con_598;isla_no_con_610;isla_no_con_647;isla_no_con_698;isla_no_con_758;isla_no_con_831;isla_no_con_886;isla_no_con_925;isla_no_con_954;isla_no_con_994
79,16,3,0.1875,0.140625,0.11393229166666667,isla_no_con_106;isla_no_con_117;isla_no_con_134;isla_no_con_351;isla_no_con_399;isla_no_con_444;isla_no_con_46;isla_no_con_480;isla_no_con_578;isla_no_con_592;isla_no_con_690;isla_no_con_768;isla_no_con_813;isla_no_con_852;isla_no_con_88;isla_no_con_98
39,16,3,0.1875,0.05729166666666666,0.080078125,isla_no_con_109;isla_no_con_119;isla_no_con_140;isla_no_con_273;isla_no_con_33;isla_no_con_504;isla_no_con_51;isla_no_con_525;isla_no_con_558;isla_no_con_659;isla_no_con_673;isla_no_con_789;isla_no_con_848;isla_no_con_885;isla_no_con_959;isla_no_con_980
18,16,3,0.1875,0.06770833333333333,0.06705729166666667,isla_no_con_128;isla_no_con_199;isla_no_con_205;isla_no_con_20;isla_no_con_216;isla_no_con_266;isla_no_con_312;isla_no_con_385;isla_no_con_40;isla_no_con_531;isla_no_con_542;isla_no_con_567;isla_no_con_574;isla_no_con_685;isla_no_con_782;isla_no_con_857
1,16,2,0.125,0.05208333333333333,0.05078125,isla_no_con_116;isla_no_con_264;isla_no_con_375;isla_no_con_428;isla_no_con_434;isla_no_con_437;isla_no_con_463;isla_no_con_514;isla_no_con_551;isla_no_con_707;isla_no_con_712;isla_no_con_825;isla_no_con_881;isla_no_con_937;isla_no_con_953;isla_no_con_986
69,17,6,0.35294117647058826,0.1176470588235294,0.12687427912341406,isla_no_con_18;isla_no_con_240;isla_no_con_328;isla_no_con_393;isla_no_con_431;isla_no_con_442;isla_no_con_500;isla_no_con_620;isla_no_con_640;isla_no_con_666;isla_no_con_760;isla_no_con_899;isla_no_con_89;isla_no_con_914;isla_no_con_931;isla_no_con_944;isla_no_con_956
80,17,3,0.17647058823529413,0.11274509803921567,0.06689734717416379,isla_no_con_112;isla_no_con_148;isla_no_con_160;isla_no_con_241;isla_no_con_292;isla_no_con_304;isla_no_con_306;isla_no_con_430;isla_no_con_443;isla_no_con_544;isla_no_con_745;isla_no_con_752;isla_no_con_821;isla_no_con_872;isla_no_con_888;isla_no_con_927;isla_no_con_998
60,17,6,0.35294117647058826,0.06372549019607843,0.09457900807381776,isla_no_con_115;isla_no_con_189;isla_no_con_228;isla_no_con_345;isla_no_con_369;isla_no_con_374;isla_no_con_424;isla_no_con_433;isla_no_con_459;isla_no_con_501;isla_no_con_530;isla_no_con_708;isla_no_con_725;isla_no_con_744;isla_no_con_756;isla_no_con_778;isla_no_con_92
16,17,3,0.17647058823529413,0.12254901960784312,0.049596309111880045,isla_no_con_118;isla_no_con_141;isla_no_con_164;isla_no_con_243;isla_no_con_285;isla_no_con_299;isla_no_con_331;isla_no_con_637;isla_no_con_657;isla_no_con_762;isla_no_con_769;isla_no_con_818;isla_no_con_820;isla_no_con_841;isla_no_con_870;isla_no_con_873;isla_no_con_909
29,17,4,0.23529411764705882,0.12254901960784315,0.11880046136101498,isla_no_con_391;isla_no_con_441;isla_no_con_464;isla_no_con_495;isla_no_con_533;isla_no_con_539;isla_no_con_561;isla_no_con_594;isla_no_con_73;isla_no_con_77;isla_no_con_787;isla_no_con_83;isla_no_con_856;isla_no_con_874;isla_no_con_939;isla_no_con_946;isla_no_con_999
23,18,3,0.16666666666666666,0.10648148148148147,0.09104938271604938,isla_no_con_110;isla_no_con_137;isla_no_con_157;isla_no_con_207;isla_no_con_338;isla_no_con_340;isla_no_con_343;isla_no_con_406;isla_no_con_420;isla_no_con_48;isla_no_con_527;isla_no_con_696;isla_no_con_759;isla_no_con_950;isla_no_con_952;isla_no_con_974;isla_no_con_975;isla_no_con_984
44,18,9,0.5,0.1435185185185185,0.13425925925925927,isla_no_con_126;isla_no_con_213;isla_no_con_248;isla_no_con_45;isla_no_con_474;isla_no_con_547;isla_no_con_552;isla_no_con_566;isla_no_con_601;isla_no_con_662;isla_no_con_697;isla_no_con_726;isla_no_con_809;isla_no_con_845;isla_no_con_850;isla_no_con_855;isla_no_con_877;isla_no_con_921
32,18,8,0.4444444444444444,0.12037037037037036,0.13683127572016462,isla_no_con_14;isla_no_con_184;isla_no_con_226;isla_no_con_261;isla_no_con_290;isla_no_con_394;isla_no_con_411;isla_no_con_589;isla_no_con_63;isla_no_con_645;isla_no_con_665;isla_no_con_742;isla_no_con_746;isla_no_con_80;isla_no_con_815;isla_no_con_862;isla_no_con_91;isla_no_con_930
53,18,4,0.2222222222222222,0.1527777777777778,0.1270576131687243,isla_no_con_12;isla_no_con_131;isla_no_con_176;isla_no_con_196;isla_no_con_220;isla_no_con_224;isla_no_con_283;isla_no_con_347;isla_no_con_449;isla_no_con_479;isla_no_con_630;isla_no_con_638;isla_no_con_651;isla_no_con_652;isla_no_con_689;isla_no_con_715;isla_no_con_723;isla_no_con_754
43,19,2,0.10526315789473684,0.07017543859649122,0.08033240997229917,isla_no_con_208;isla_no_con_25;isla_no_con_305;isla_no_con_308;isla_no_con_401;isla_no_con_519;isla_no_con_541;isla_no_con_573;isla_no_con_577;isla_no_con_682;isla_no_con_710;isla_no_con_74;isla_no_con_777;isla_no_con_801;isla_no_con_808;isla_no_con_900;isla_no_con_901;isla_no_con_906;isla_no_con_913
42,20,2,0.1,0.05,0.05666666666666667,isla_no_con_121;isla_no_con_155;isla_no_con_177;isla_no_con_249;isla_no_con_289;isla_no_con_28;isla_no_con_294;isla_no_con_295;isla_no_con_323;isla_no_con_403;isla_no_con_41;isla_no_con_505;isla_no_con_512;isla_no_con_602;isla_no_con_699;isla_no_con_702;isla_no_con_751;isla_no_con_765;isla_no_con_890;isla_no_con_976
38,20,3,0.15,0.04583333333333333,0.06791666666666667,isla_no_con_171;isla_no_con_191;isla_no_con_197;isla_no_con_324;isla_no_con_432;isla_no_con_499;isla_no_con_49;isla_no_con_507;isla_no_con_616;isla_no_con_692;isla_no_con_734;isla_no_con_735;isla_no_con_748;isla_no_con_750;isla_no_con_812;isla_no_con_847;isla_no_con_860;isla_no_con_907;isla_no_con_926;isla_no_con_957
8,23,11,0.4782608695652174,0.18115942028985507,0.2715816005040958,isla_no_con_138;isla_no_con_195;isla_no_con_26;isla_no_con_281;isla_no_con_349;isla_no_con_35;isla_no_con_390;isla_no_con_392;isla_no_con_402;isla_no_con_453;isla_no_con_490;isla_no_con_521;isla_no_con_575;isla_no_con_609;isla_no_con_619;isla_no_con_670;isla_no_con_714;isla_no_con_721;isla_no_con_740;isla_no_con_828;isla_no_con_85;isla_no_con_935;isla_no_con_988
55,24,3,0.125,0.10416666666666667,0.08622685185185186,isla_no_con_156;isla_no_con_1;isla_no_con_204;isla_no_con_284;isla_no_con_32;isla_no_con_34;isla_no_con_357;isla_no_con_397;isla_no_con_414;isla_no_con_422;isla_no_con_448;isla_no_con_493;isla_no_con_528;isla_no_con_54;isla_no_con_604;isla_no_con_632;isla_no_con_667;isla_no_con_72;isla_no_con_78;isla_no_con_797;isla_no_con_838;isla_no_con_903;isla_no_con_943;isla_no_con_981
50,27,5,0.18518518518518517,0.07716049382716049,0.09967992684042067,isla_no_con_114;isla_no_con_154;isla_no_con_22;isla_no_con_255;isla_no_con_287;isla_no_con_297;isla_no_con_358;isla_no_con_436;isla_no_con_485;isla_no_con_559;isla_no_con_618;isla_no_con_61;isla_no_con_625;isla_no_con_628;isla_no_con_664;isla_no_con_675;isla_no_con_680;isla_no_con_718;isla_no_con_773;isla_no_con_7;isla_no_con_82;isla_no_con_832;isla_no_con_876;isla_no_con_892;isla_no_con_910;isla_no_con_94;isla_no_con_970
17,27,3,0.1111111111111111,0.12654320987654322,0.08733424782807499,isla_no_con_1000;isla_no_con_151;isla_no_con_178;isla_no_con_210;isla_no_con_235;isla_no_con_237;isla_no_con_256;isla_no_con_278;isla_no_con_288;isla_no_con_310;isla_no_con_311;isla_no_con_381;isla_no_con_412;isla_no_con_468;isla_no_con_543;isla_no_con_553;isla_no_con_629;isla_no_con_668;isla_no_con_741;isla_no_con_781;isla_no_con_79;isla_no_con_811;isla_no_con_823;isla_no_con_834;isla_no_con_915;isla_no_con_95;isla_no_con_979
41,33,4,0.12121212121212122,0.0707070707070707,0.09703091521273338,isla_no_con_129;isla_no_con_181;isla_no_con_188;isla_no_con_221;isla_no_con_262;isla_no_con_270;isla_no_con_272;isla_no_con_337;isla_no_con_361;isla_no_con_440;isla_no_con_469;isla_no_con_511;isla_no_con_517;isla_no_con_526;isla_no_con_570;isla_no_con_58;isla_no_con_591;isla_no_con_597;isla_no_con_678;isla_no_con_683;isla_no_con_688;isla_no_con_693;isla_no_con_711;isla_no_con_717;isla_no_con_728;isla_no_con_779;isla_no_con_784;isla_no_con_833;isla_no_con_844;isla_no_con_908;isla_no_con_947;isla_no_con_951;isla_no_con_966
