,0,1,2,3,4,5,6,7,8,9,10
isla_no_con_1,False,False,False,False,False,False,False,False,False,False,False
isla_no_con_10,False,False,False,False,False,False,True,False,False,False,False
isla_no_con_100,False,False,True,False,False,False,False,True,False,False,False
isla_no_con_1000,False,False,True,False,False,False,False,True,False,False,False
isla_no_con_101,False,False,True,False,False,True,False,False,False,False,False
isla_no_con_102,True,False,True,False,False,False,False,False,False,False,False
isla_no_con_103,False,False,True,False,False,False,False,False,False,False,False
isla_no_con_104,True,False,False,False,False,True,True,False,False,False,False
isla_no_con_105,False,False,False,False,False,False,True,True,False,False,False
isla_no_con_106,False,True,True,True,True,True,False,False,True,False,False
isla_no_con_107,False,True,False,True,False,False,False,False,True,False,False
isla_no_con_108,False,False,True,False,False,False,False,False,False,False,False
isla_no_con_109,True,False,False,False,False,True,False,False,False,False,False
isla_no_con_11,False,True,True,False,False,False,False,False,False,False,False
isla_no_con_110,True,False,True,False,False,True,False,False,False,False,False
isla_no_con_111,False,False,False,False,False,False,True,True,False,False,False
isla_no_con_112,True,False,False,False,False,True,False,False,False,False,False
isla_no_con_113,False,False,False,False,False,False,False,False,False,False,False
isla_no_con_114,False,False,False,False,False,True,True,True,False,False,False
isla_no_con_115,True,False,False,False,False,False,False,False,False,False,False
isla_no_con_116,True,False,False,False,False,True,True,True,False,False,False
isla_no_con_117,True,False,True,False,False,True,False,False,False,False,False
isla_no_con_118,False,True,False,True,True,False,False,False,True,False,False
isla_no_con_119,False,False,False,False,False,False,False,False,False,False,False
isla_no_con_12,False,False,False,False,False,True,False,False,False,False,False
isla_no_con_120,True,False,True,False,False,True,False,False,False,False,False
isla_no_con_121,False,True,True,False,False,False,False,True,False,False,False
isla_no_con_122,False,False,True,False,False,False,False,True,False,False,False
isla_no_con_123,False,True,False,True,False,False,True,False,True,False,False
isla_no_con_124,False,True,False,False,False,False,True,True,False,False,False
isla_no_con_125,False,False,False,False,False,False,False,False,False,False,False
isla_no_con_126,False,False,True,False,False,True,False,False,False,False,False
isla_no_con_127,False,False,True,False,False,False,False,False,False,False,False
isla_no_con_128,False,False,False,False,False,False,False,False,False,False,False
isla_no_con_129,True,False,True,False,False,True,False,True,False,False,False
isla_no_con_13,False,False,True,False,False,False,False,True,False,False,False
isla_no_con_130,False,False,True,False,False,True,False,True,False,False,False
isla_no_con_131,False,True,False,True,True,False,False,False,True,False,False
isla_no_con_132,False,True,True,True,True,False,False,False,True,False,False
isla_no_con_133,False,False,False,False,False,False,False,False,False,False,False
isla_no_con_134,True,False,False,False,False,True,True,False,False,False,False
isla_no_con_135,False,False,False,False,False,False,True,True,False,False,False
isla_no_con_136,True,False,True,False,False,False,False,False,False,False,False
isla_no_con_137,False,False,False,False,False,False,True,True,False,False,False
isla_no_con_138,False,False,False,False,False,False,False,False,False,False,False
isla_no_con_139,True,False,True,False,False,True,False,False,False,False,False
isla_no_con_14,False,False,False,False,False,True,False,False,False,False,False
isla_no_con_140,False,False,False,False,False,False,False,False,False,False,False
isla_no_con_141,True,False,False,False,False,True,False,False,False,False,False
isla_no_con_142,False,False,True,False,False,True,False,False,False,False,False
isla_no_con_143,True,False,False,False,False,False,True,True,False,False,False
isla_no_con_144,False,True,False,False,False,False,False,False,False,False,False
isla_no_con_145,False,True,False,True,True,True,False,False,True,False,False
isla_no_con_146,False,True,False,False,False,False,True,False,False,False,False
isla_no_con_147,True,False,True,False,False,True,False,False,False,False,False
isla_no_con_148,False,True,True,False,False,False,False,False,False,False,False
isla_no_con_149,True,False,False,False,False,True,True,False,False,False,False
isla_no_con_15,False,False,False,False,False,False,True,False,False,False,False
isla_no_con_150,False,True,False,True,True,False,True,False,True,False,False
isla_no_con_151,False,False,False,False,False,False,True,True,False,False,False
isla_no_con_152,False,False,True,False,False,False,True,True,False,False,False
isla_no_con_153,True,False,False,False,False,False,False,False,False,False,False
isla_no_con_154,False,False,True,False,False,False,False,False,False,False,False
isla_no_con_155,True,False,True,False,False,True,False,False,False,False,False
isla_no_con_156,False,False,False,False,False,False,False,False,False,False,False
isla_no_con_157,False,False,False,False,False,False,False,False,False,True,False
isla_no_con_158,False,True,True,False,False,False,False,False,False,False,False
isla_no_con_159,True,False,False,False,False,True,False,False,False,False,False
isla_no_con_16,False,False,False,False,False,False,False,False,True,False,False
isla_no_con_160,False,True,False,True,False,False,True,True,True,False,False
isla_no_con_161,False,True,False,False,False,False,True,True,False,False,False
isla_no_con_162,False,False,False,False,False,True,True,False,False,False,False
isla_no_con_163,False,False,False,False,False,False,True,True,False,False,False
isla_no_con_164,True,False,False,False,False,False,False,False,False,False,False
isla_no_con_165,True,False,False,False,False,True,False,False,False,False,False
isla_no_con_166,False,False,False,False,False,False,False,False,False,False,False
isla_no_con_167,False,False,False,False,False,True,False,False,False,False,False
isla_no_con_168,False,False,False,False,False,False,False,False,False,False,False
isla_no_con_169,False,False,False,False,False,False,True,False,False,False,False
isla_no_con_17,False,True,False,False,False,False,False,False,False,False,False
isla_no_con_170,False,False,False,False,False,False,False,False,False,False,False
isla_no_con_171,False,False,False,False,False,False,False,False,False,False,False
isla_no_con_172,False,True,False,False,False,False,True,False,False,False,False
isla_no_con_173,False,True,True,False,False,False,False,True,False,False,False
isla_no_con_174,False,False,True,False,False,True,False,True,False,False,False
isla_no_con_175,False,True,False,False,False,False,True,True,False,False,False
isla_no_con_176,False,False,False,False,False,False,True,True,False,False,False
isla_no_con_177,False,True,False,False,False,False,False,False,False,False,False
isla_no_con_178,True,False,True,False,False,False,False,False,False,False,False
isla_no_con_179,False,False,False,False,False,True,False,False,False,False,False
isla_no_con_18,False,False,False,False,False,False,False,False,True,False,False
isla_no_con_180,False,False,False,False,False,False,False,False,False,False,False
isla_no_con_181,False,True,True,False,False,False,False,True,False,False,False
isla_no_con_182,True,False,True,False,False,True,False,False,False,False,False
isla_no_con_183,False,True,True,False,False,True,False,True,False,False,False
isla_no_con_184,False,False,True,False,False,False,False,False,False,False,False
isla_no_con_185,False,False,False,False,False,True,False,False,False,False,False
isla_no_con_186,False,False,False,False,False,True,True,True,False,False,False
isla_no_con_187,True,False,True,False,False,False,False,False,False,False,False
isla_no_con_188,False,False,False,False,False,False,False,False,False,False,False
isla_no_con_189,False,True,True,False,False,False,False,False,False,False,False
isla_no_con_19,True,False,True,False,False,False,False,False,False,False,False
isla_no_con_190,False,False,False,False,False,False,True,False,False,False,False
isla_no_con_191,True,True,False,False,False,False,True,True,False,False,False
isla_no_con_192,True,False,True,False,False,True,False,True,False,False,False
isla_no_con_193,False,False,True,False,False,True,False,False,False,False,False
isla_no_con_194,True,False,False,False,False,False,True,True,False,False,False
isla_no_con_195,False,False,True,False,False,False,False,False,False,False,False
isla_no_con_196,False,False,True,False,False,True,False,True,False,False,False
isla_no_con_197,False,False,False,False,False,False,True,True,False,False,False
isla_no_con_198,False,False,True,False,False,False,False,False,False,False,False
isla_no_con_199,False,False,False,False,False,False,True,True,False,False,False
isla_no_con_2,False,False,True,False,False,False,True,False,False,False,False
isla_no_con_20,True,False,True,False,False,False,False,True,False,False,False
isla_no_con_200,False,False,False,False,False,True,True,False,False,True,False
isla_no_con_201,False,False,True,False,False,False,False,True,True,False,False
isla_no_con_202,False,False,False,False,False,True,False,False,False,False,False
isla_no_con_203,False,False,True,False,False,False,False,False,False,False,False
isla_no_con_204,False,False,False,False,False,False,False,False,False,False,False
isla_no_con_205,False,False,False,False,False,False,True,True,False,False,False
isla_no_con_206,False,True,False,False,False,False,False,False,False,False,False
isla_no_con_207,False,False,True,False,False,False,False,False,False,False,False
isla_no_con_208,True,False,True,False,False,True,False,True,False,False,False
isla_no_con_209,False,True,False,False,False,True,True,True,False,False,False
isla_no_con_21,False,False,False,False,False,True,False,False,False,False,False
isla_no_con_210,True,False,True,False,False,True,False,False,False,False,False
isla_no_con_211,True,True,False,False,False,True,False,False,False,False,False
isla_no_con_212,True,False,False,False,False,False,False,False,False,False,False
isla_no_con_213,False,True,False,False,False,True,True,True,False,False,False
isla_no_con_214,False,True,True,True,True,True,False,False,True,False,False
isla_no_con_215,False,False,False,False,False,False,False,False,False,False,False
isla_no_con_216,False,False,False,False,False,False,True,False,False,False,False
isla_no_con_217,False,False,True,False,False,False,True,True,False,False,False
isla_no_con_218,False,True,True,False,False,False,False,False,False,False,False
isla_no_con_219,False,True,False,False,False,False,True,True,False,False,False
isla_no_con_22,True,False,False,False,False,False,True,False,False,False,False
isla_no_con_220,False,False,True,False,False,False,False,False,False,False,False
isla_no_con_221,True,False,True,False,False,False,False,True,False,False,False
isla_no_con_222,False,True,False,False,False,False,True,False,False,False,False
isla_no_con_223,True,False,False,False,False,False,True,False,False,False,False
isla_no_con_224,True,False,False,False,False,False,True,True,False,False,False
isla_no_con_225,False,False,False,False,False,True,True,True,False,True,True
isla_no_con_226,False,False,True,False,False,True,False,False,False,False,False
isla_no_con_227,False,True,True,False,False,False,False,False,False,False,False
isla_no_con_228,True,False,False,False,False,False,False,False,False,False,False
isla_no_con_229,False,False,True,False,False,True,False,True,False,False,False
isla_no_con_23,False,False,False,False,False,True,False,False,False,False,False
isla_no_con_230,True,True,True,False,False,False,False,False,False,False,False
isla_no_con_231,False,False,False,False,False,True,False,False,False,False,False
isla_no_con_232,False,True,True,True,False,True,True,True,True,False,False
isla_no_con_233,False,False,False,False,False,False,False,False,False,False,False
isla_no_con_234,False,False,False,False,False,False,True,False,False,False,False
isla_no_con_235,False,False,False,False,False,False,False,False,False,False,False
isla_no_con_236,False,False,False,False,False,True,False,False,False,False,False
isla_no_con_237,False,False,False,False,False,False,True,True,False,False,False
isla_no_con_238,True,False,False,False,False,True,True,False,False,False,False
isla_no_con_239,False,False,False,False,False,False,False,False,False,False,False
isla_no_con_24,False,False,False,False,False,True,True,False,False,False,False
isla_no_con_240,False,True,False,False,False,True,True,False,True,False,False
isla_no_con_241,False,False,True,False,False,False,False,False,False,False,False
isla_no_con_242,False,True,True,False,False,False,False,True,False,False,False
isla_no_con_243,False,True,False,False,False,False,False,False,False,False,False
isla_no_con_244,True,False,True,False,False,False,False,True,False,False,False
isla_no_con_245,False,False,True,False,False,True,False,True,False,False,False
isla_no_con_246,True,False,True,False,False,False,False,False,False,False,False
isla_no_con_247,True,False,False,False,False,True,True,False,False,False,False
isla_no_con_248,False,False,True,False,False,True,False,False,False,False,False
isla_no_con_249,False,False,False,False,False,True,True,True,False,False,False
isla_no_con_25,False,False,False,False,False,False,False,False,False,False,False
isla_no_con_250,False,True,False,True,True,True,False,False,True,False,False
isla_no_con_251,False,False,True,False,False,False,False,True,False,False,False
isla_no_con_252,False,False,False,False,False,False,False,False,False,False,False
isla_no_con_253,True,False,True,False,False,False,False,True,False,False,False
isla_no_con_254,False,False,False,False,False,False,True,False,False,False,False
isla_no_con_255,False,True,True,False,False,True,False,True,False,False,False
isla_no_con_256,False,False,False,False,False,True,True,True,False,False,False
isla_no_con_257,False,False,False,False,False,True,False,False,False,False,False
isla_no_con_258,False,False,False,False,False,False,False,False,False,False,False
isla_no_con_259,False,True,True,False,False,False,False,False,False,False,False
isla_no_con_26,False,True,True,True,True,True,False,False,True,False,False
isla_no_con_260,False,False,False,False,False,False,True,True,False,False,False
isla_no_con_261,True,False,False,False,False,False,True,False,False,False,False
isla_no_con_262,False,False,True,False,False,True,False,False,False,False,False
isla_no_con_263,True,False,False,False,False,False,False,False,False,False,False
isla_no_con_264,True,False,True,False,False,True,False,False,False,False,False
isla_no_con_265,True,False,True,False,False,True,False,True,False,False,False
isla_no_con_266,False,False,True,False,False,False,False,False,False,False,False
isla_no_con_267,True,False,True,False,False,True,False,False,False,False,False
isla_no_con_268,False,False,True,False,False,False,False,False,False,False,False
isla_no_con_269,False,False,True,True,False,False,True,False,True,False,False
isla_no_con_27,False,False,False,False,False,False,True,True,False,False,False
isla_no_con_270,True,False,False,False,False,True,False,False,False,False,False
isla_no_con_271,False,False,False,False,False,True,False,False,False,False,False
isla_no_con_272,False,False,False,False,False,False,False,False,False,False,False
isla_no_con_273,False,False,False,False,False,False,False,False,False,False,False
isla_no_con_274,False,False,True,False,False,False,False,False,False,False,False
isla_no_con_275,False,False,False,False,False,False,True,False,False,False,False
isla_no_con_276,False,False,False,True,False,False,True,True,False,False,False
isla_no_con_277,True,False,False,False,False,False,True,False,False,False,False
isla_no_con_278,True,False,False,False,False,False,True,False,False,False,False
isla_no_con_279,False,True,False,False,False,False,False,False,False,False,False
isla_no_con_28,True,False,False,False,False,False,False,False,False,False,False
isla_no_con_280,False,True,False,False,False,False,False,False,True,False,False
isla_no_con_281,True,False,True,False,False,True,False,False,False,False,False
isla_no_con_282,True,False,True,False,False,True,False,True,False,False,False
isla_no_con_283,False,False,False,False,False,False,True,False,False,False,False
isla_no_con_284,True,False,True,False,False,True,False,True,False,False,False
isla_no_con_285,False,False,False,False,False,False,False,False,False,False,False
isla_no_con_286,False,False,False,False,False,True,False,False,False,False,False
isla_no_con_287,False,False,False,False,False,False,False,False,False,False,False
isla_no_con_288,True,False,False,False,False,True,True,False,False,False,False
isla_no_con_289,True,False,True,False,False,False,False,True,False,False,False
isla_no_con_29,True,False,False,False,False,True,False,False,False,False,False
isla_no_con_290,False,True,True,True,True,False,True,True,True,False,False
isla_no_con_291,False,False,True,False,False,True,False,False,False,False,False
isla_no_con_292,True,False,False,False,False,False,False,False,False,False,False
isla_no_con_293,False,False,False,False,False,False,True,True,False,False,False
isla_no_con_294,False,False,False,False,False,True,False,False,False,False,False
isla_no_con_295,False,True,False,False,False,False,False,False,False,False,False
isla_no_con_296,False,False,True,False,False,True,False,True,False,False,False
isla_no_con_297,False,True,False,False,False,False,False,False,False,False,False
isla_no_con_298,False,True,False,False,False,False,False,False,False,False,False
isla_no_con_299,False,False,False,False,False,False,True,True,False,False,False
isla_no_con_3,False,True,True,True,False,True,False,True,True,False,False
isla_no_con_30,False,True,False,True,True,False,False,False,True,False,False
isla_no_con_300,False,False,True,False,False,True,False,True,False,False,False
isla_no_con_301,False,False,True,False,False,False,False,False,False,False,False
isla_no_con_302,False,True,False,True,False,True,True,False,True,False,False
isla_no_con_303,True,False,False,False,False,True,True,False,False,False,False
isla_no_con_304,False,True,False,True,False,False,True,False,True,False,False
isla_no_con_305,False,True,True,True,True,False,True,False,True,False,False
isla_no_con_306,True,False,True,False,False,True,False,False,False,False,False
isla_no_con_307,False,False,True,False,False,True,False,True,False,False,False
isla_no_con_308,False,False,False,False,False,False,True,False,False,False,False
isla_no_con_309,False,True,True,False,False,False,False,True,False,False,False
isla_no_con_31,False,True,True,False,False,False,False,False,False,False,False
isla_no_con_310,False,False,False,False,False,False,True,False,False,False,False
isla_no_con_311,False,False,True,False,False,False,False,False,False,False,False
isla_no_con_312,True,False,False,False,False,True,False,False,False,False,False
isla_no_con_313,True,False,False,False,False,False,False,False,False,False,False
isla_no_con_314,False,False,False,False,False,False,False,False,False,False,False
isla_no_con_315,False,False,False,False,False,False,True,False,False,False,False
isla_no_con_316,True,False,False,False,False,False,False,False,False,False,False
isla_no_con_317,False,False,True,False,False,False,False,False,False,False,False
isla_no_con_318,False,False,False,False,False,False,True,False,False,False,False
isla_no_con_319,False,False,True,False,False,False,True,True,False,False,False
isla_no_con_32,False,False,False,False,False,False,True,False,False,False,False
isla_no_con_320,False,False,True,False,False,False,False,True,False,False,False
isla_no_con_321,True,False,False,False,False,True,False,False,False,False,False
isla_no_con_322,True,False,True,False,False,False,False,False,False,False,False
isla_no_con_323,False,True,True,False,False,False,False,True,False,False,False
isla_no_con_324,False,False,False,False,False,False,True,True,False,False,False
isla_no_con_325,False,False,False,False,False,False,False,False,False,False,False
isla_no_con_326,False,True,False,True,False,False,False,False,True,False,False
isla_no_con_327,True,False,True,False,False,False,False,True,False,False,False
isla_no_con_328,False,False,True,False,False,True,False,False,False,False,False
isla_no_con_329,True,False,False,False,False,False,False,False,False,False,False
isla_no_con_33,False,False,False,False,False,False,False,False,True,False,False
isla_no_con_330,True,False,False,False,False,False,False,False,False,False,False
isla_no_con_331,False,False,False,False,False,False,True,False,False,False,False
isla_no_con_332,False,True,True,False,False,False,False,False,False,False,False
isla_no_con_333,False,False,False,False,False,False,True,True,False,False,False
isla_no_con_334,True,False,False,False,False,False,False,False,False,False,False
isla_no_con_335,False,False,False,False,False,False,True,False,False,False,False
isla_no_con_336,True,False,False,False,False,False,False,False,False,False,False
isla_no_con_337,False,False,False,False,False,False,False,False,False,False,False
isla_no_con_338,True,False,True,False,False,False,False,False,False,False,False
isla_no_con_339,True,False,False,False,False,False,False,False,False,False,False
isla_no_con_34,True,False,False,False,False,True,True,False,False,False,False
isla_no_con_340,False,False,False,False,False,False,False,False,False,False,False
isla_no_con_341,False,False,False,False,False,False,True,True,False,False,False
isla_no_con_342,False,False,True,False,False,True,False,False,False,False,False
isla_no_con_343,False,True,False,False,False,False,True,True,False,True,False
isla_no_con_344,False,False,True,False,False,True,False,False,False,False,False
isla_no_con_345,False,True,False,False,False,False,True,False,True,False,False
isla_no_con_346,False,False,False,False,False,False,False,False,False,False,False
isla_no_con_347,True,False,False,False,False,True,True,False,False,False,False
isla_no_con_348,False,False,False,False,False,False,True,True,False,False,False
isla_no_con_349,False,True,True,False,False,False,False,True,False,False,False
isla_no_con_35,False,False,False,False,False,False,False,False,False,False,False
isla_no_con_350,False,False,False,False,False,False,True,False,False,False,False
isla_no_con_351,True,True,True,False,False,False,False,False,False,False,False
isla_no_con_352,False,False,True,False,False,False,False,False,False,False,False
isla_no_con_353,True,False,True,False,False,False,False,False,False,False,False
isla_no_con_354,False,False,False,False,False,False,True,False,False,False,False
isla_no_con_355,False,True,False,False,False,True,True,True,False,False,False
isla_no_con_356,True,False,False,False,False,False,True,False,False,True,False
isla_no_con_357,False,False,True,True,False,False,False,False,True,False,False
isla_no_con_358,False,True,False,True,False,False,True,False,True,False,False
isla_no_con_359,False,False,True,False,False,True,False,False,False,False,False
isla_no_con_36,False,True,True,False,False,False,False,True,False,False,False
isla_no_con_360,False,False,False,True,False,False,True,True,False,False,False
isla_no_con_361,False,False,False,False,False,True,True,False,False,False,False
isla_no_con_362,False,False,False,False,False,False,False,False,False,False,False
isla_no_con_363,False,False,True,False,False,False,False,False,False,False,False
isla_no_con_364,False,False,True,False,False,True,False,True,False,False,False
isla_no_con_365,True,False,False,False,False,True,False,False,False,False,False
isla_no_con_366,True,False,True,False,False,False,False,True,False,False,False
isla_no_con_367,False,True,False,False,False,False,False,False,True,False,False
isla_no_con_368,False,True,True,False,False,True,False,True,False,True,False
isla_no_con_369,True,False,True,False,False,False,True,False,False,False,False
isla_no_con_37,True,False,True,False,False,False,False,False,False,False,False
isla_no_con_370,False,False,False,False,False,True,False,False,False,False,False
isla_no_con_371,False,False,True,False,False,True,False,True,False,False,False
isla_no_con_372,True,False,False,False,False,False,False,False,False,False,False
isla_no_con_373,False,True,True,False,False,False,False,True,False,False,False
isla_no_con_374,False,False,False,False,False,True,False,False,False,False,False
isla_no_con_375,False,False,False,False,False,False,True,True,False,False,False
isla_no_con_376,True,True,True,False,False,False,False,True,False,True,False
isla_no_con_377,True,False,False,False,False,False,True,False,False,False,False
isla_no_con_378,False,False,False,False,False,True,True,False,False,False,False
isla_no_con_379,True,False,False,False,False,False,True,True,False,True,False
isla_no_con_38,False,False,True,False,False,False,False,False,False,False,False
isla_no_con_380,False,False,False,False,False,False,False,False,False,False,False
isla_no_con_381,True,False,False,False,False,False,False,False,False,False,False
isla_no_con_382,False,True,False,False,False,False,True,True,False,False,False
isla_no_con_383,False,False,False,False,False,False,False,False,False,False,False
isla_no_con_384,False,False,False,False,False,True,False,False,False,False,False
isla_no_con_385,False,True,True,False,False,False,False,False,False,False,False
isla_no_con_386,False,True,True,False,False,False,False,True,False,False,False
isla_no_con_387,False,False,False,False,False,False,True,True,False,False,False
isla_no_con_388,False,False,False,False,False,False,False,False,False,False,False
isla_no_con_389,True,True,False,False,False,True,True,False,False,False,False
isla_no_con_39,False,False,False,False,False,False,True,True,False,False,False
isla_no_con_390,False,True,False,False,False,False,True,False,False,False,False
isla_no_con_391,False,True,False,True,False,False,True,True,False,False,False
isla_no_con_392,False,False,False,False,False,False,False,False,False,False,False
isla_no_con_393,False,False,True,False,False,False,False,False,False,False,False
isla_no_con_394,True,False,False,False,False,False,False,False,False,False,False
isla_no_con_395,True,False,False,False,False,False,True,False,False,False,False
isla_no_con_396,False,False,False,False,False,False,False,False,False,False,False
isla_no_con_397,False,False,False,False,False,False,False,False,False,False,False
isla_no_con_398,False,False,True,False,False,False,False,True,False,False,False
isla_no_con_399,False,False,True,False,False,True,False,True,False,False,False
isla_no_con_4,False,False,False,False,False,False,True,True,False,False,False
isla_no_con_40,False,False,True,False,False,True,False,True,False,False,False
isla_no_con_400,False,False,True,False,False,True,False,False,False,False,False
isla_no_con_401,False,False,True,False,False,True,False,False,False,False,False
isla_no_con_402,False,True,True,False,False,False,False,False,False,False,False
isla_no_con_403,False,False,False,False,False,False,False,False,False,False,False
isla_no_con_404,False,False,False,False,False,False,False,False,False,False,False
isla_no_con_405,True,True,False,False,False,True,False,False,False,False,False
isla_no_con_406,False,False,False,False,False,True,True,True,False,True,False
isla_no_con_407,True,False,False,False,False,True,True,False,False,True,False
isla_no_con_408,False,False,True,False,False,False,False,False,False,False,False
isla_no_con_409,False,True,False,False,False,False,False,False,False,True,False
isla_no_con_41,False,False,True,False,False,True,False,False,False,False,False
isla_no_con_410,False,True,False,False,False,False,True,True,False,False,False
isla_no_con_411,False,False,False,False,False,False,False,False,False,False,False
isla_no_con_412,False,True,False,False,False,False,False,False,False,False,False
isla_no_con_413,False,True,False,False,False,False,True,True,False,False,False
isla_no_con_414,True,False,False,False,False,False,True,True,False,False,False
isla_no_con_415,True,False,False,False,False,False,False,False,False,False,False
isla_no_con_416,True,False,False,False,False,True,True,False,False,False,False
isla_no_con_417,False,False,False,False,False,False,False,False,False,False,False
isla_no_con_418,False,True,False,False,False,False,False,False,False,False,False
isla_no_con_419,False,True,True,False,False,False,False,False,False,False,False
isla_no_con_42,True,False,True,False,False,False,False,False,False,False,False
isla_no_con_420,False,False,True,False,False,False,False,False,False,True,False
isla_no_con_421,False,False,False,False,False,False,False,False,False,False,False
isla_no_con_422,True,False,False,False,False,True,True,False,False,False,False
isla_no_con_423,True,False,False,False,False,False,True,True,False,False,False
isla_no_con_424,False,False,True,False,False,True,False,True,False,False,False
isla_no_con_425,False,True,True,False,False,False,True,True,False,False,False
isla_no_con_426,True,False,False,False,False,True,True,False,False,True,False
isla_no_con_427,True,False,False,False,False,True,True,False,False,False,False
isla_no_con_428,False,False,False,False,False,True,False,False,False,False,False
isla_no_con_429,True,True,False,False,False,True,False,False,False,True,False
isla_no_con_43,False,False,False,False,False,True,True,False,False,False,False
isla_no_con_430,True,False,False,False,False,False,False,False,False,False,False
isla_no_con_431,False,False,False,False,False,False,False,False,False,False,False
isla_no_con_432,True,False,True,False,False,False,False,False,False,False,False
isla_no_con_433,False,False,True,False,False,True,False,False,False,False,False
isla_no_con_434,False,True,False,False,False,False,False,False,False,False,False
isla_no_con_435,False,False,False,False,False,False,True,False,False,False,False
isla_no_con_436,False,False,True,False,False,False,False,False,False,False,False
isla_no_con_437,True,True,False,False,False,False,False,False,False,False,False
isla_no_con_438,True,False,False,False,False,False,False,False,False,False,False
isla_no_con_439,False,False,False,False,False,True,False,False,False,False,False
isla_no_con_44,False,True,False,True,True,False,True,False,True,False,False
isla_no_con_440,False,False,False,False,False,True,True,True,False,False,False
isla_no_con_441,False,False,True,False,False,False,False,False,False,False,False
isla_no_con_442,True,False,False,False,False,True,True,True,False,True,True
isla_no_con_443,False,False,False,False,False,False,False,False,False,False,False
isla_no_con_444,False,False,True,False,False,True,False,False,False,False,False
isla_no_con_445,False,False,True,False,False,True,False,True,False,False,False
isla_no_con_446,False,False,True,False,False,False,False,False,False,False,False
isla_no_con_447,True,False,False,False,False,True,True,False,False,False,False
isla_no_con_448,False,False,False,False,False,False,False,False,False,False,False
isla_no_con_449,True,False,False,False,False,False,True,False,False,False,False
isla_no_con_45,False,False,False,False,False,False,True,False,False,False,False
isla_no_con_450,False,False,True,False,False,True,False,True,True,False,False
isla_no_con_451,False,False,True,False,False,False,False,False,False,False,False
isla_no_con_452,True,False,False,False,False,False,True,False,False,False,False
isla_no_con_453,False,False,False,False,False,True,True,False,False,False,False
isla_no_con_454,False,False,False,False,False,False,True,False,False,False,False
isla_no_con_455,False,False,True,False,False,False,False,False,False,False,False
isla_no_con_456,False,True,True,False,False,True,True,True,False,False,False
isla_no_con_457,True,False,False,False,False,True,True,False,False,False,False
isla_no_con_458,True,False,False,False,False,False,True,False,False,False,False
isla_no_con_459,False,True,False,False,False,True,True,False,False,False,False
isla_no_con_46,False,True,False,True,True,False,False,False,True,False,False
isla_no_con_460,False,True,False,False,False,False,True,False,False,False,False
isla_no_con_461,True,False,False,False,False,False,True,False,False,True,False
isla_no_con_462,False,True,False,False,False,False,True,False,False,False,False
isla_no_con_463,False,True,False,False,False,True,True,True,False,False,False
isla_no_con_464,True,False,True,False,False,False,False,True,False,False,False
isla_no_con_465,False,False,False,True,False,False,False,False,True,False,False
isla_no_con_466,False,False,False,False,False,True,True,False,False,False,False
isla_no_con_467,False,False,False,False,False,False,False,False,False,False,False
isla_no_con_468,True,False,True,False,False,True,False,False,False,False,False
isla_no_con_469,True,True,False,False,False,False,True,False,False,False,False
isla_no_con_47,False,True,False,False,False,True,True,True,False,False,False
isla_no_con_470,True,False,False,False,False,True,True,True,False,False,False
isla_no_con_471,True,False,False,False,False,False,True,False,False,False,False
isla_no_con_472,True,False,False,False,False,False,False,False,False,False,False
isla_no_con_473,False,False,False,False,False,False,True,False,False,False,False
isla_no_con_474,False,False,False,False,False,True,True,False,False,False,False
isla_no_con_475,False,False,False,False,False,False,True,False,False,False,False
isla_no_con_476,False,True,False,True,True,True,False,False,True,False,False
isla_no_con_477,False,True,True,False,False,True,False,True,False,False,False
isla_no_con_478,False,False,False,False,False,False,False,False,False,False,False
isla_no_con_479,True,False,False,False,False,True,False,False,False,False,False
isla_no_con_48,False,False,False,False,False,False,True,True,False,False,False
isla_no_con_480,False,False,False,False,False,False,False,False,False,False,False
isla_no_con_481,False,False,True,False,False,False,False,True,True,False,False
isla_no_con_482,False,True,False,False,False,False,True,True,False,False,False
isla_no_con_483,True,False,True,False,False,True,False,False,False,False,False
isla_no_con_484,False,False,False,False,False,False,True,True,False,False,False
isla_no_con_485,False,False,False,False,False,False,True,True,False,False,False
isla_no_con_486,False,False,True,False,False,False,False,False,False,False,False
isla_no_con_487,False,False,False,False,False,False,False,False,False,False,False
isla_no_con_488,False,False,False,False,False,False,True,False,False,False,False
isla_no_con_489,True,False,True,False,False,False,False,False,False,False,False
isla_no_con_49,False,False,False,False,False,False,False,False,False,False,False
isla_no_con_490,False,False,True,False,False,True,False,False,False,False,False
isla_no_con_491,False,False,False,False,False,False,True,True,False,False,False
isla_no_con_492,True,False,True,False,False,True,False,True,False,False,False
isla_no_con_493,False,False,False,True,False,False,True,False,True,False,False
isla_no_con_494,False,True,True,False,False,False,False,False,False,False,False
isla_no_con_495,True,False,False,False,False,True,True,True,False,False,False
isla_no_con_496,False,False,True,False,False,False,False,True,False,False,False
isla_no_con_497,False,True,True,False,False,False,False,False,False,False,False
isla_no_con_498,False,False,False,False,False,False,False,False,False,False,False
isla_no_con_499,False,True,False,False,False,False,False,False,False,False,False
isla_no_con_5,True,False,False,False,False,False,False,False,False,False,False
isla_no_con_50,False,False,False,False,False,False,False,False,False,False,False
isla_no_con_500,False,False,False,False,False,True,True,True,False,False,False
isla_no_con_501,True,False,False,False,False,True,True,False,False,False,False
isla_no_con_502,False,False,False,False,False,False,True,True,False,False,False
isla_no_con_503,False,False,True,False,False,False,False,True,False,False,False
isla_no_con_504,False,True,True,False,False,False,True,False,False,False,False
isla_no_con_505,False,True,True,False,False,False,False,False,False,False,False
isla_no_con_506,False,False,False,False,False,True,True,False,False,False,False
isla_no_con_507,False,True,True,False,False,True,False,True,False,False,False
isla_no_con_508,False,False,False,False,False,False,False,False,False,False,False
isla_no_con_509,False,False,False,False,False,True,True,False,False,False,False
isla_no_con_51,False,False,False,False,False,False,True,True,False,False,False
isla_no_con_510,False,True,False,False,True,False,True,True,False,False,False
isla_no_con_511,False,False,True,False,True,False,True,True,False,False,False
isla_no_con_512,True,False,False,False,True,True,False,False,False,False,False
isla_no_con_513,False,False,True,False,False,False,False,False,False,False,False
isla_no_con_514,True,False,True,False,False,False,False,False,False,False,False
isla_no_con_515,False,False,False,False,False,True,True,True,False,False,False
isla_no_con_516,True,True,True,False,False,False,False,False,False,False,False
isla_no_con_517,False,True,False,False,False,False,False,False,False,False,False
isla_no_con_518,False,False,False,False,False,True,True,False,False,False,False
isla_no_con_519,False,False,True,False,False,False,False,False,False,False,False
isla_no_con_52,False,True,False,False,False,True,True,True,False,False,False
isla_no_con_520,False,False,False,False,False,True,True,True,False,False,False
isla_no_con_521,False,False,False,False,False,False,True,False,False,False,False
isla_no_con_522,False,True,True,False,False,True,False,True,False,False,False
isla_no_con_523,True,False,True,False,False,False,False,True,False,False,False
isla_no_con_524,False,False,False,False,False,False,True,False,False,False,False
isla_no_con_525,False,True,False,False,False,False,False,False,True,False,False
isla_no_con_526,True,False,False,False,False,True,False,False,False,False,False
isla_no_con_527,False,False,True,False,False,False,False,False,False,False,False
isla_no_con_528,False,False,True,False,False,False,False,False,False,False,False
isla_no_con_529,True,False,False,False,False,True,True,False,False,False,False
isla_no_con_53,False,True,False,True,True,False,False,False,True,False,False
isla_no_con_530,False,False,True,False,False,True,False,False,False,False,False
isla_no_con_531,False,False,False,False,False,False,True,True,False,False,False
isla_no_con_532,False,True,True,False,False,False,False,True,True,False,False
isla_no_con_533,False,True,False,False,False,False,True,False,False,False,False
isla_no_con_534,True,False,False,False,False,False,True,True,False,False,False
isla_no_con_535,False,False,True,False,False,False,False,False,False,False,False
isla_no_con_536,False,False,True,False,False,False,False,True,False,False,False
isla_no_con_537,False,True,True,True,True,False,True,True,True,False,False
isla_no_con_538,False,False,False,False,False,True,False,False,False,False,False
isla_no_con_539,False,False,False,False,False,False,False,False,False,False,False
isla_no_con_54,True,True,True,False,False,True,False,False,False,False,False
isla_no_con_540,False,False,False,False,False,False,True,False,False,False,False
isla_no_con_541,False,False,False,False,False,True,True,False,False,False,False
isla_no_con_542,False,True,False,False,False,False,False,False,False,False,False
isla_no_con_543,True,False,True,False,False,False,False,False,False,False,False
isla_no_con_544,False,False,True,False,False,False,False,False,False,False,False
isla_no_con_545,False,False,True,False,False,True,False,True,False,False,False
isla_no_con_546,True,False,False,False,False,True,True,False,False,False,False
isla_no_con_547,False,False,True,False,False,True,False,True,False,False,False
isla_no_con_548,False,False,True,False,False,False,False,True,False,False,False
isla_no_con_549,False,False,True,False,False,False,False,True,False,False,False
isla_no_con_55,False,False,False,False,False,False,False,False,False,False,False
isla_no_con_550,False,False,True,False,False,True,False,False,False,False,False
isla_no_con_551,False,False,False,False,False,True,False,False,False,False,False
isla_no_con_552,True,False,True,False,False,False,False,True,False,False,False
isla_no_con_553,False,False,True,False,False,False,False,True,False,False,False
isla_no_con_554,False,True,False,True,True,True,True,False,True,False,False
isla_no_con_555,False,True,True,True,True,False,False,False,True,False,False
isla_no_con_556,False,False,False,False,False,False,True,False,False,False,False
isla_no_con_557,True,False,True,False,False,True,False,False,False,False,False
isla_no_con_558,False,False,False,False,False,True,True,True,False,True,True
isla_no_con_559,False,False,False,False,False,False,True,True,False,False,False
isla_no_con_56,False,False,True,False,False,False,True,False,False,False,False
isla_no_con_560,True,False,False,False,False,True,False,False,False,False,False
isla_no_con_561,False,True,False,False,False,False,True,False,False,False,False
isla_no_con_562,False,True,True,False,False,False,False,False,False,False,False
isla_no_con_563,True,False,True,False,False,True,False,False,False,False,False
isla_no_con_564,False,False,False,False,False,True,True,False,False,False,False
isla_no_con_565,True,False,True,False,False,False,False,True,False,False,False
isla_no_con_566,False,False,True,False,False,True,False,True,False,False,False
isla_no_con_567,False,True,True,False,False,False,False,False,False,False,False
isla_no_con_568,False,False,False,False,False,False,True,False,False,False,False
isla_no_con_569,False,False,False,False,False,False,True,False,False,False,False
isla_no_con_57,False,False,True,False,False,False,False,True,False,False,False
isla_no_con_570,False,True,False,True,False,False,True,False,True,False,False
isla_no_con_571,True,False,False,False,False,False,False,False,False,False,False
isla_no_con_572,True,False,False,False,False,True,False,False,False,False,False
isla_no_con_573,False,True,True,False,False,False,False,True,False,False,False
isla_no_con_574,False,False,False,False,False,False,False,False,False,False,False
isla_no_con_575,False,False,True,False,False,False,False,False,False,False,False
isla_no_con_576,True,False,False,False,False,True,False,False,False,False,False
isla_no_con_577,True,False,True,False,False,True,False,True,False,False,False
isla_no_con_578,False,False,False,False,False,True,False,False,False,False,False
isla_no_con_579,True,False,True,False,False,False,False,False,False,False,False
isla_no_con_58,False,False,False,False,False,True,False,False,False,False,False
isla_no_con_580,True,False,True,False,False,False,False,False,False,False,False
isla_no_con_581,False,False,True,False,False,False,False,True,False,False,False
isla_no_con_582,False,True,False,False,False,False,False,False,False,False,False
isla_no_con_583,False,False,True,False,False,False,False,True,False,False,False
isla_no_con_584,False,False,False,False,False,True,False,False,False,False,False
isla_no_con_585,True,True,True,False,False,False,False,False,False,False,False
isla_no_con_586,False,False,True,False,False,False,False,True,False,False,False
isla_no_con_587,False,False,True,False,False,True,False,True,False,False,False
isla_no_con_588,False,False,True,False,False,True,False,False,False,False,False
isla_no_con_589,False,False,False,True,False,False,True,False,True,False,False
isla_no_con_59,False,False,False,False,False,False,True,False,False,False,False
isla_no_con_590,False,False,False,False,False,True,False,False,False,False,False
isla_no_con_591,False,False,True,False,False,False,False,False,False,False,False
isla_no_con_592,False,False,False,False,False,False,True,True,False,False,False
isla_no_con_593,False,True,True,True,True,True,False,False,True,False,False
isla_no_con_594,False,True,False,True,False,False,False,False,True,False,False
isla_no_con_595,False,False,False,False,False,False,False,False,False,False,False
isla_no_con_596,False,False,True,False,False,False,False,True,True,False,False
isla_no_con_597,True,False,False,False,False,True,True,True,False,False,False
isla_no_con_598,False,False,False,False,False,True,False,False,False,False,False
isla_no_con_599,False,True,True,False,False,True,False,True,False,False,False
isla_no_con_6,True,True,True,False,False,True,False,False,False,False,False
isla_no_con_60,False,True,True,False,False,False,False,False,False,False,False
isla_no_con_600,True,False,False,False,False,False,True,True,False,False,False
isla_no_con_601,False,False,True,False,False,True,False,False,False,False,False
isla_no_con_602,False,True,True,False,False,False,True,True,False,False,False
isla_no_con_603,False,True,False,False,False,False,True,True,False,False,False
isla_no_con_604,True,False,False,False,False,True,True,True,False,False,False
isla_no_con_605,False,True,True,False,False,False,False,True,False,False,False
isla_no_con_606,True,False,True,False,False,False,False,True,False,False,False
isla_no_con_607,True,False,True,False,False,False,False,False,False,False,False
isla_no_con_608,False,False,True,False,False,False,False,True,False,False,False
isla_no_con_609,True,False,True,False,False,True,False,False,False,False,False
isla_no_con_61,False,False,False,False,False,False,False,False,False,False,False
isla_no_con_610,False,False,True,False,False,False,False,True,False,False,False
isla_no_con_611,False,True,False,True,False,False,False,False,True,False,False
isla_no_con_612,True,False,False,False,False,False,False,False,False,False,False
isla_no_con_613,True,False,False,False,False,True,False,False,False,False,False
isla_no_con_614,True,False,False,False,False,False,False,False,False,False,False
isla_no_con_615,False,False,True,False,False,False,False,True,False,False,False
isla_no_con_616,True,False,False,False,False,True,False,False,False,False,False
isla_no_con_617,True,True,False,False,False,False,True,False,False,False,False
isla_no_con_618,False,True,False,False,False,True,False,False,False,True,False
isla_no_con_619,True,False,False,False,False,True,False,False,False,False,False
isla_no_con_62,False,False,False,False,False,True,True,True,False,True,False
isla_no_con_620,False,True,True,False,False,True,False,True,False,False,False
isla_no_con_621,False,False,True,False,False,False,False,False,False,False,False
isla_no_con_622,False,True,False,False,False,True,True,True,False,False,False
isla_no_con_623,False,False,True,False,False,False,False,False,False,False,False
isla_no_con_624,False,False,True,False,False,False,False,True,False,False,False
isla_no_con_625,True,False,False,False,False,False,True,False,False,False,False
isla_no_con_626,False,True,True,False,False,True,False,False,False,False,False
isla_no_con_627,False,True,False,True,False,False,True,True,False,False,False
isla_no_con_628,False,False,False,False,False,False,True,False,False,False,False
isla_no_con_629,False,False,False,False,False,True,True,False,False,False,False
isla_no_con_63,False,False,False,False,False,True,True,True,False,False,False
isla_no_con_630,False,False,False,False,False,True,False,False,False,False,False
isla_no_con_631,True,False,False,False,False,True,True,False,False,False,False
isla_no_con_632,False,False,False,False,False,False,True,True,False,False,False
isla_no_con_633,False,False,True,False,False,False,False,False,False,False,False
isla_no_con_634,False,True,True,False,False,False,False,True,False,False,False
isla_no_con_635,True,False,False,False,False,True,True,True,False,False,False
isla_no_con_636,False,False,True,False,False,False,False,False,False,False,False
isla_no_con_637,False,True,False,True,True,False,False,False,True,False,False
isla_no_con_638,True,False,True,False,False,False,False,False,False,False,False
isla_no_con_639,False,False,False,False,False,False,False,False,False,False,False
isla_no_con_64,False,False,False,False,False,True,False,False,False,False,False
isla_no_con_640,True,False,False,False,False,False,True,False,False,False,False
isla_no_con_641,True,True,True,True,True,False,True,False,True,False,False
isla_no_con_642,False,False,False,False,False,False,True,True,False,False,False
isla_no_con_643,True,False,False,False,False,False,True,False,False,False,False
isla_no_con_644,True,False,True,False,False,False,False,False,False,False,False
isla_no_con_645,False,False,False,False,False,True,False,False,False,False,False
isla_no_con_646,False,True,False,False,False,False,True,True,False,False,False
isla_no_con_647,False,False,False,False,False,False,True,False,False,False,False
isla_no_con_648,True,False,False,False,False,True,True,True,False,False,False
isla_no_con_649,False,False,False,False,False,False,True,True,False,False,False
isla_no_con_65,False,False,True,False,False,True,False,True,False,False,False
isla_no_con_650,False,True,False,False,False,True,True,True,False,False,False
isla_no_con_651,False,False,False,False,False,False,False,False,False,False,False
isla_no_con_652,True,False,False,False,False,False,True,False,False,False,False
isla_no_con_653,False,False,False,False,False,False,True,True,False,False,False
isla_no_con_654,True,False,True,False,False,True,False,False,False,False,False
isla_no_con_655,True,False,True,False,False,False,False,False,False,False,False
isla_no_con_656,False,False,True,False,False,False,False,True,False,False,False
isla_no_con_657,True,False,False,False,False,False,False,False,False,False,False
isla_no_con_658,True,False,False,False,False,False,False,False,False,False,False
isla_no_con_659,False,False,False,False,False,True,False,False,False,False,False
isla_no_con_66,False,False,False,False,False,True,False,False,False,False,False
isla_no_con_660,False,False,True,False,False,True,False,True,False,False,False
isla_no_con_661,False,True,False,True,False,False,True,False,True,False,False
isla_no_con_662,False,False,False,False,False,False,False,False,False,False,False
isla_no_con_663,False,True,False,False,False,True,True,True,False,True,False
isla_no_con_664,True,False,False,False,False,False,True,True,False,False,False
isla_no_con_665,False,True,True,True,True,True,True,True,True,False,False
isla_no_con_666,False,True,True,False,False,False,False,True,False,False,False
isla_no_con_667,False,False,True,False,False,True,False,True,False,False,False
isla_no_con_668,True,False,False,False,False,True,True,True,False,False,False
isla_no_con_669,False,False,True,False,False,True,False,False,False,False,False
isla_no_con_67,True,False,False,False,False,False,False,False,False,False,False
isla_no_con_670,True,False,False,False,False,True,True,True,False,False,False
isla_no_con_671,False,True,False,False,False,True,False,False,False,False,False
isla_no_con_672,True,False,False,False,False,False,False,False,False,False,False
isla_no_con_673,True,False,False,False,False,True,False,False,False,False,False
isla_no_con_674,False,False,True,False,False,False,False,True,False,False,False
isla_no_con_675,False,False,False,False,False,True,True,False,False,False,False
isla_no_con_676,False,False,False,False,False,True,True,True,False,False,False
isla_no_con_677,True,False,False,False,False,True,False,False,False,False,False
isla_no_con_678,False,False,False,False,False,True,True,True,False,False,False
isla_no_con_679,False,False,False,False,False,False,False,False,False,False,False
isla_no_con_68,False,False,True,False,False,True,False,False,False,False,False
isla_no_con_680,False,False,True,False,False,True,False,True,False,False,False
isla_no_con_681,False,True,True,False,False,False,False,True,False,False,False
isla_no_con_682,False,False,True,False,False,True,False,False,False,False,False
isla_no_con_683,False,False,False,False,False,False,False,False,False,False,False
isla_no_con_684,False,False,True,False,False,True,False,True,False,False,False
isla_no_con_685,False,False,False,False,False,False,True,False,False,False,False
isla_no_con_686,False,False,True,False,False,True,False,False,False,False,False
isla_no_con_687,False,False,False,False,False,False,True,True,False,False,False
isla_no_con_688,False,True,True,False,False,True,False,True,True,False,False
isla_no_con_689,True,False,False,False,False,False,True,False,False,False,False
isla_no_con_69,False,False,False,False,False,False,True,False,False,False,False
isla_no_con_690,False,False,True,False,False,False,False,True,False,False,False
isla_no_con_691,False,False,True,False,False,False,False,False,False,False,False
isla_no_con_692,False,False,False,False,False,True,False,False,False,False,False
isla_no_con_693,False,False,False,False,False,False,True,False,False,False,False
isla_no_con_694,False,False,True,False,False,False,False,True,False,False,False
isla_no_con_695,False,False,False,False,False,True,True,True,False,False,False
isla_no_con_696,False,False,True,False,False,False,True,True,True,False,False
isla_no_con_697,False,False,True,False,False,False,False,True,False,False,False
isla_no_con_698,False,False,True,False,False,True,False,True,False,False,False
isla_no_con_699,False,True,False,False,False,True,True,True,False,False,False
isla_no_con_7,False,False,True,False,False,False,False,False,False,False,False
isla_no_con_70,False,True,True,True,True,True,False,False,True,False,False
isla_no_con_700,False,False,False,False,False,False,True,False,False,False,False
isla_no_con_701,False,False,False,False,False,True,True,False,False,False,False
isla_no_con_702,True,False,True,False,False,True,False,False,False,False,False
isla_no_con_703,False,True,False,False,False,False,True,True,False,False,False
isla_no_con_704,True,False,False,False,False,True,False,False,False,False,False
isla_no_con_705,False,True,False,False,False,False,True,False,False,False,False
isla_no_con_706,False,False,False,False,False,False,False,False,False,False,False
isla_no_con_707,False,False,False,False,False,True,False,False,False,False,False
isla_no_con_708,False,True,True,False,False,True,False,True,False,False,False
isla_no_con_709,True,False,True,False,False,False,False,True,False,False,False
isla_no_con_71,False,False,True,True,False,True,False,False,True,False,False
isla_no_con_710,False,False,False,False,False,False,True,True,False,False,False
isla_no_con_711,True,False,False,False,False,False,False,False,False,False,False
isla_no_con_712,False,False,True,False,False,False,False,True,False,False,False
isla_no_con_713,False,False,False,False,False,False,True,False,False,True,False
isla_no_con_714,False,False,False,False,False,False,True,False,False,False,False
isla_no_con_715,True,False,False,False,False,True,False,False,False,False,False
isla_no_con_716,True,False,False,False,False,True,True,True,False,False,False
isla_no_con_717,False,True,False,True,False,False,False,False,True,False,False
isla_no_con_718,True,False,False,False,False,True,True,False,False,False,False
isla_no_con_719,False,False,False,False,False,False,True,False,False,False,False
isla_no_con_72,False,False,False,False,False,True,False,False,False,False,False
isla_no_con_720,False,False,False,False,False,False,True,False,False,False,False
isla_no_con_721,True,False,False,False,False,False,True,False,False,False,False
isla_no_con_722,False,False,True,False,False,True,False,False,False,False,False
isla_no_con_723,False,False,False,False,False,True,True,True,False,False,False
isla_no_con_724,False,True,True,False,False,False,False,False,False,False,False
isla_no_con_725,True,True,True,False,False,True,False,True,False,True,False
isla_no_con_726,True,False,False,False,False,False,True,True,False,False,False
isla_no_con_727,False,True,True,False,False,True,False,True,False,False,False
isla_no_con_728,False,False,False,False,False,False,False,False,False,False,False
isla_no_con_729,True,False,False,False,False,False,False,False,False,False,False
isla_no_con_73,True,False,True,False,False,True,False,True,False,False,False
isla_no_con_730,False,True,False,False,False,False,True,False,False,False,False
isla_no_con_731,False,False,True,False,False,False,False,False,False,False,False
isla_no_con_732,False,True,True,False,False,False,True,False,False,False,False
isla_no_con_733,False,True,False,True,True,False,False,False,True,False,False
isla_no_con_734,True,False,True,False,False,True,False,True,False,False,False
isla_no_con_735,False,False,False,False,False,True,True,True,False,False,False
isla_no_con_736,False,True,False,False,False,False,False,False,False,False,False
isla_no_con_737,False,False,True,False,False,False,False,False,False,False,False
isla_no_con_738,False,False,False,False,False,False,False,False,False,False,False
isla_no_con_739,True,False,False,False,False,True,True,False,False,False,False
isla_no_con_74,False,False,True,False,False,True,False,True,False,False,False
isla_no_con_740,False,False,False,False,False,True,False,False,False,False,False
isla_no_con_741,False,True,False,False,False,False,True,True,True,False,False
isla_no_con_742,False,True,False,False,False,False,False,False,False,False,False
isla_no_con_743,False,False,True,False,False,False,False,False,False,False,False
isla_no_con_744,False,True,False,False,False,False,True,True,False,False,False
isla_no_con_745,False,False,False,False,False,False,True,False,False,False,False
isla_no_con_746,False,False,False,False,False,False,True,False,False,False,False
isla_no_con_747,True,False,False,False,False,False,False,False,False,False,False
isla_no_con_748,False,True,False,True,False,False,True,False,True,False,False
isla_no_con_749,False,True,True,True,True,True,False,False,True,False,False
isla_no_con_75,True,False,True,False,False,True,False,True,False,False,False
isla_no_con_750,False,False,False,False,False,False,True,True,False,False,False
isla_no_con_751,False,True,True,True,True,True,False,False,True,False,False
isla_no_con_752,False,False,False,False,False,True,True,False,False,False,False
isla_no_con_753,False,True,True,False,False,False,False,True,False,False,False
isla_no_con_754,True,False,True,False,False,True,False,False,False,False,False
isla_no_con_755,False,False,False,False,False,True,True,True,False,False,False
isla_no_con_756,False,False,True,False,False,True,False,True,False,False,False
isla_no_con_757,False,False,False,False,False,False,False,False,False,False,False
isla_no_con_758,False,False,True,False,False,False,False,True,False,False,False
isla_no_con_759,False,False,False,False,False,False,False,False,False,False,False
isla_no_con_76,False,True,False,True,False,False,True,True,False,False,False
isla_no_con_760,False,False,False,False,False,True,True,True,False,True,True
isla_no_con_761,True,False,False,False,False,False,True,True,False,False,False
isla_no_con_762,False,False,True,False,False,True,False,False,False,False,False
isla_no_con_763,False,True,False,False,False,False,False,False,False,False,False
isla_no_con_764,False,True,False,False,False,False,False,False,False,False,False
isla_no_con_765,True,False,False,False,False,True,True,True,False,False,False
isla_no_con_766,False,False,False,False,False,True,False,False,False,False,False
isla_no_con_767,False,False,False,False,False,False,False,False,False,False,False
isla_no_con_768,True,False,True,False,False,False,False,True,False,False,False
isla_no_con_769,True,True,False,False,False,True,True,False,False,False,False
isla_no_con_77,False,False,False,False,False,True,False,False,False,False,False
isla_no_con_770,False,True,False,False,False,False,True,False,True,False,False
isla_no_con_771,False,False,False,False,False,False,False,False,False,False,False
isla_no_con_772,False,False,False,False,False,False,True,False,False,False,False
isla_no_con_773,False,True,True,False,False,False,False,True,False,False,False
isla_no_con_774,False,True,True,False,False,False,False,True,False,False,False
isla_no_con_775,False,False,False,False,False,True,False,False,False,False,False
isla_no_con_776,True,False,False,False,False,False,False,False,False,False,False
isla_no_con_777,True,False,False,False,False,False,False,False,False,False,False
isla_no_con_778,False,False,False,False,False,False,False,False,False,False,False
isla_no_con_779,True,False,True,False,False,True,False,True,False,False,False
isla_no_con_78,False,False,False,False,False,False,False,False,False,False,False
isla_no_con_780,False,True,True,False,False,False,False,True,False,False,False
isla_no_con_781,False,False,False,False,False,False,False,False,False,False,True
isla_no_con_782,True,False,True,False,False,False,False,False,False,False,True
isla_no_con_783,False,True,False,False,False,False,True,True,False,False,True
isla_no_con_784,False,False,True,False,False,False,False,False,False,False,False
isla_no_con_785,False,False,True,False,False,False,False,False,False,False,False
isla_no_con_786,False,True,True,False,False,False,False,False,False,False,False
isla_no_con_787,False,False,False,False,False,False,False,False,False,False,False
isla_no_con_788,False,False,True,False,False,False,False,False,False,False,False
isla_no_con_789,True,False,True,False,False,False,False,True,False,False,False
isla_no_con_79,False,True,True,False,False,False,False,False,False,False,False
isla_no_con_790,False,False,False,False,False,True,True,True,False,False,False
isla_no_con_791,False,False,False,False,False,False,True,True,False,False,False
isla_no_con_792,False,True,False,False,False,False,False,False,False,False,False
isla_no_con_793,True,False,False,False,False,False,True,False,False,True,True
isla_no_con_794,False,False,False,False,False,False,True,True,False,False,False
isla_no_con_795,False,True,False,False,False,False,True,True,False,False,False
isla_no_con_796,False,False,False,False,False,False,False,False,False,False,False
isla_no_con_797,True,True,False,False,False,True,True,True,False,False,False
isla_no_con_798,False,False,True,False,False,False,False,True,False,False,False
isla_no_con_799,False,True,True,False,False,False,False,False,False,False,False
isla_no_con_8,False,True,True,False,False,True,False,True,False,False,False
isla_no_con_80,False,False,False,False,False,False,False,False,False,False,False
isla_no_con_800,True,False,False,False,False,False,False,False,False,False,False
isla_no_con_801,False,True,False,True,True,False,False,False,True,False,False
isla_no_con_802,True,False,False,False,False,False,False,False,False,False,False
isla_no_con_803,False,True,False,True,False,True,True,True,False,False,False
isla_no_con_804,False,False,False,False,False,True,True,False,False,False,False
isla_no_con_805,False,True,False,False,False,False,True,False,False,False,False
isla_no_con_806,True,False,False,False,False,False,False,False,False,False,False
isla_no_con_807,True,False,False,False,False,False,False,False,False,False,False
isla_no_con_808,False,False,False,False,False,False,False,False,False,False,False
isla_no_con_809,False,True,True,False,False,True,False,True,False,False,False
isla_no_con_81,False,False,True,False,False,False,False,True,False,False,False
isla_no_con_810,False,False,True,False,False,False,False,False,False,False,False
isla_no_con_811,True,False,True,False,False,False,False,True,False,False,False
isla_no_con_812,False,False,False,False,False,True,False,False,False,False,False
isla_no_con_813,False,True,False,True,True,False,False,False,True,False,False
isla_no_con_814,False,True,False,False,False,True,True,True,False,False,False
isla_no_con_815,False,True,True,False,False,False,False,False,False,False,False
isla_no_con_816,False,True,False,True,True,True,False,False,True,False,False
isla_no_con_817,False,True,False,False,False,False,True,True,True,False,False
isla_no_con_818,True,False,False,False,False,False,False,False,False,False,False
isla_no_con_819,False,True,True,False,False,False,False,True,False,False,False
isla_no_con_82,False,True,True,False,False,False,False,True,False,False,False
isla_no_con_820,False,True,True,True,True,True,False,False,True,False,False
isla_no_con_821,True,False,False,False,False,True,False,False,False,False,False
isla_no_con_822,False,True,False,True,True,False,True,False,True,False,False
isla_no_con_823,True,False,False,False,False,True,True,True,False,False,False
isla_no_con_824,True,False,False,False,False,False,False,False,False,False,False
isla_no_con_825,False,True,False,False,False,False,True,True,False,False,False
isla_no_con_826,True,False,False,False,False,True,True,True,False,False,False
isla_no_con_827,False,False,True,False,False,False,False,False,False,False,False
isla_no_con_828,False,False,True,False,False,True,False,False,False,False,False
isla_no_con_829,False,True,True,True,True,True,False,True,True,False,False
isla_no_con_83,False,True,False,False,False,False,False,False,False,False,False
isla_no_con_830,False,False,False,False,False,False,True,False,False,False,False
isla_no_con_831,False,False,False,False,False,False,False,False,False,False,False
isla_no_con_832,False,False,False,False,False,False,False,False,False,False,False
isla_no_con_833,False,False,False,False,False,True,True,True,False,False,False
isla_no_con_834,False,False,True,False,False,False,False,True,False,False,False
isla_no_con_835,True,False,False,False,False,True,True,True,False,False,False
isla_no_con_836,True,False,False,False,False,True,False,False,False,False,False
isla_no_con_837,False,False,False,False,False,False,False,False,False,False,False
isla_no_con_838,False,False,True,False,False,False,False,True,False,False,False
isla_no_con_839,False,False,False,False,False,True,False,False,True,False,False
isla_no_con_84,False,False,True,False,False,False,False,True,False,False,False
isla_no_con_840,False,False,True,False,False,False,False,False,False,False,False
isla_no_con_841,False,False,True,False,False,False,False,True,False,False,False
isla_no_con_842,True,False,True,False,False,False,False,True,False,False,False
isla_no_con_843,False,False,True,False,False,False,False,True,False,False,False
isla_no_con_844,False,False,False,False,False,False,False,False,False,False,False
isla_no_con_845,False,False,False,False,False,False,True,True,False,False,False
isla_no_con_846,False,False,True,False,False,True,False,False,False,False,False
isla_no_con_847,False,False,False,False,False,True,True,False,False,False,False
isla_no_con_848,True,False,False,False,False,True,True,False,False,False,False
isla_no_con_849,False,False,False,False,False,False,True,False,False,False,False
isla_no_con_85,False,False,False,False,False,False,False,False,False,False,False
isla_no_con_850,False,False,False,False,False,False,True,False,False,False,False
isla_no_con_851,False,True,False,False,False,False,False,False,False,False,False
isla_no_con_852,True,False,False,False,False,False,False,False,False,False,False
isla_no_con_853,False,False,True,False,False,False,False,False,False,False,False
isla_no_con_854,False,False,False,False,False,True,True,False,False,False,False
isla_no_con_855,False,True,False,True,False,False,True,True,False,False,False
isla_no_con_856,False,False,False,False,False,True,False,False,False,False,False
isla_no_con_857,False,False,True,False,False,True,False,False,False,False,False
isla_no_con_858,False,False,False,False,False,False,False,False,False,False,False
isla_no_con_859,False,True,True,True,False,True,True,False,True,False,False
isla_no_con_86,False,False,False,False,False,True,True,False,False,False,False
isla_no_con_860,False,False,False,False,False,False,False,False,False,False,False
isla_no_con_861,True,False,True,False,False,False,False,False,False,False,False
isla_no_con_862,False,False,False,False,False,False,True,False,False,False,False
isla_no_con_863,False,False,False,False,False,False,True,True,False,False,False
isla_no_con_864,True,False,True,False,False,True,False,False,False,False,False
isla_no_con_865,False,True,False,False,False,False,False,False,False,False,False
isla_no_con_866,False,True,False,False,False,True,True,False,False,False,False
isla_no_con_867,False,False,False,False,False,False,False,False,False,False,False
isla_no_con_868,True,False,False,False,False,False,False,False,False,False,False
isla_no_con_869,False,False,False,False,False,False,True,False,False,False,False
isla_no_con_87,False,False,False,False,False,False,True,False,False,False,False
isla_no_con_870,False,False,True,False,False,False,False,True,False,False,False
isla_no_con_871,False,True,True,False,False,True,False,False,False,False,False
isla_no_con_872,True,False,True,False,False,False,False,False,False,False,False
isla_no_con_873,False,True,False,False,False,True,True,True,False,False,False
isla_no_con_874,True,False,False,False,False,False,True,True,False,True,False
isla_no_con_875,False,True,True,False,False,False,False,True,False,False,False
isla_no_con_876,True,False,False,False,False,False,False,False,False,False,False
isla_no_con_877,True,False,False,False,False,False,False,False,False,False,False
isla_no_con_878,False,False,False,False,False,False,False,False,False,False,False
isla_no_con_879,False,False,False,False,False,False,True,False,False,False,False
isla_no_con_88,False,False,False,False,False,False,True,False,False,False,False
isla_no_con_880,True,False,False,False,False,False,False,False,False,False,False
isla_no_con_881,False,False,False,False,False,False,True,True,False,True,False
isla_no_con_882,False,False,True,False,False,False,False,True,False,False,False
isla_no_con_883,False,True,True,False,False,True,False,False,False,False,False
isla_no_con_884,False,False,False,False,False,False,False,False,False,False,False
isla_no_con_885,True,False,True,False,False,True,False,True,False,False,False
isla_no_con_886,False,False,True,False,False,True,False,True,False,False,False
isla_no_con_887,True,False,False,False,False,True,True,False,False,False,False
isla_no_con_888,True,True,False,False,False,True,True,True,False,False,False
isla_no_con_889,False,False,False,False,False,False,True,True,False,True,False
isla_no_con_89,True,False,False,False,False,True,True,False,False,True,True
isla_no_con_890,True,False,False,False,False,True,False,False,False,False,False
isla_no_con_891,False,True,False,False,False,False,True,False,False,False,False
isla_no_con_892,False,False,False,False,False,True,False,False,False,False,False
isla_no_con_893,True,False,True,False,False,False,False,True,False,False,False
isla_no_con_894,True,False,True,False,False,True,False,False,False,False,False
isla_no_con_895,False,True,True,False,False,True,False,True,False,False,False
isla_no_con_896,False,False,True,False,False,False,False,False,False,False,False
isla_no_con_897,False,True,True,False,False,True,False,True,False,False,False
isla_no_con_898,False,False,False,False,False,False,True,False,False,False,False
isla_no_con_899,True,False,False,False,False,False,True,False,False,False,False
isla_no_con_9,False,False,False,False,False,False,False,False,False,False,False
isla_no_con_90,False,False,True,False,False,True,False,True,False,False,False
isla_no_con_900,True,False,False,False,False,False,True,False,False,False,False
isla_no_con_901,False,True,False,False,False,False,True,True,False,False,False
isla_no_con_902,False,False,False,False,False,False,True,False,False,False,False
isla_no_con_903,False,False,True,False,False,False,False,True,False,False,False
isla_no_con_904,False,False,False,False,False,True,False,False,False,False,False
isla_no_con_905,False,False,True,False,False,True,False,False,False,False,False
isla_no_con_906,False,False,True,False,False,False,False,False,False,False,False
isla_no_con_907,False,False,False,False,False,False,False,False,False,False,False
isla_no_con_908,False,True,False,False,False,True,False,False,False,False,False
isla_no_con_909,False,True,False,False,False,True,True,True,False,False,False
isla_no_con_91,False,True,True,False,False,False,False,False,False,False,False
isla_no_con_910,False,False,True,False,False,False,False,True,False,False,False
isla_no_con_911,False,True,True,True,True,False,False,True,True,False,False
isla_no_con_912,False,False,False,False,False,True,True,True,False,False,False
isla_no_con_913,False,False,True,False,False,True,False,False,False,False,False
isla_no_con_914,False,False,False,False,False,False,True,False,False,False,False
isla_no_con_915,True,False,False,False,False,True,False,False,False,False,False
isla_no_con_916,True,False,True,False,False,True,False,False,False,False,False
isla_no_con_917,False,False,False,False,False,False,True,False,False,False,False
isla_no_con_918,False,False,False,False,False,False,False,False,False,False,False
isla_no_con_919,False,False,True,False,False,False,False,True,False,False,False
isla_no_con_92,False,False,False,False,False,False,False,False,False,False,False
isla_no_con_920,False,False,False,False,False,True,False,False,False,False,False
isla_no_con_921,False,True,False,False,False,False,True,True,False,False,False
isla_no_con_922,False,False,False,False,False,True,True,False,False,False,False
isla_no_con_923,False,False,False,False,False,False,False,False,False,False,False
isla_no_con_924,False,True,True,False,False,True,False,False,False,False,False
isla_no_con_925,True,False,False,False,False,True,True,False,False,False,False
isla_no_con_926,True,False,True,False,False,False,False,False,False,False,False
isla_no_con_927,False,False,False,False,False,False,True,False,False,False,False
isla_no_con_928,False,False,True,False,False,False,False,False,False,False,False
isla_no_con_929,True,False,True,False,False,False,False,False,False,False,False
isla_no_con_93,False,False,False,False,False,False,False,False,False,False,False
isla_no_con_930,True,False,True,False,False,True,False,False,False,False,False
isla_no_con_931,True,True,False,False,False,False,False,False,False,False,False
isla_no_con_932,True,False,False,False,False,True,True,True,False,False,False
isla_no_con_933,False,False,True,False,False,False,False,True,True,False,False
isla_no_con_934,False,True,True,False,False,False,False,False,False,False,False
isla_no_con_935,False,False,False,False,False,True,True,True,False,True,False
isla_no_con_936,False,True,True,False,False,False,False,True,False,False,False
isla_no_con_937,True,False,False,False,False,False,True,False,False,False,False
isla_no_con_938,False,True,True,False,False,False,False,True,False,False,False
isla_no_con_939,False,False,True,True,False,True,False,False,True,False,False
isla_no_con_94,False,False,True,False,False,True,False,False,False,False,False
isla_no_con_940,False,True,False,False,False,False,True,True,False,False,False
isla_no_con_941,False,False,False,False,False,False,False,False,False,False,False
isla_no_con_942,False,False,True,False,False,False,False,False,False,False,False
isla_no_con_943,False,True,False,False,False,False,True,True,False,False,False
isla_no_con_944,True,True,False,False,False,False,True,False,True,False,False
isla_no_con_945,False,False,False,False,False,False,True,True,False,False,False
isla_no_con_946,False,True,True,False,False,False,False,False,False,False,False
isla_no_con_947,True,False,False,False,False,True,True,True,False,False,False
isla_no_con_948,True,False,True,False,False,True,False,False,False,False,False
isla_no_con_949,False,False,True,False,False,True,False,True,False,False,False
isla_no_con_95,False,False,False,False,False,False,False,False,False,False,False
isla_no_con_950,True,False,False,False,False,False,True,False,False,False,False
isla_no_con_951,False,False,False,False,False,False,False,False,False,False,False
isla_no_con_952,False,False,False,False,False,True,True,True,False,False,False
isla_no_con_953,True,False,False,False,False,True,False,False,False,False,False
isla_no_con_954,True,False,False,False,False,True,False,False,False,False,False
isla_no_con_955,True,False,False,False,False,False,False,False,False,False,False
isla_no_con_956,False,False,True,False,False,True,False,True,False,False,False
isla_no_con_957,False,False,True,False,False,False,False,False,True,False,False
isla_no_con_958,False,True,False,False,False,False,True,True,False,False,False
isla_no_con_959,False,True,True,False,False,False,False,True,False,False,False
isla_no_con_96,False,False,False,False,False,True,True,False,False,False,False
isla_no_con_960,False,False,False,True,False,False,True,False,True,False,False
isla_no_con_961,False,True,False,False,False,False,True,True,True,False,False
isla_no_con_962,False,True,False,True,True,False,True,False,True,False,False
isla_no_con_963,True,False,False,False,False,False,True,True,False,False,False
isla_no_con_964,True,False,False,False,False,False,True,False,False,False,False
isla_no_con_965,False,False,True,False,False,False,False,True,True,False,False
isla_no_con_966,False,False,False,False,False,True,False,False,False,False,False
isla_no_con_967,False,False,False,False,False,False,True,True,False,False,False
isla_no_con_968,False,False,True,False,False,True,False,True,False,False,False
isla_no_con_969,False,False,True,False,False,True,False,False,False,False,False
isla_no_con_97,False,True,False,False,False,False,False,False,False,False,False
isla_no_con_970,False,False,False,False,False,True,True,True,False,False,False
isla_no_con_971,False,True,False,False,False,False,False,False,False,False,False
isla_no_con_972,False,True,False,False,False,False,True,True,False,False,False
isla_no_con_973,True,False,False,False,False,True,False,False,False,False,False
isla_no_con_974,False,False,False,False,False,False,True,True,False,False,False
isla_no_con_975,True,False,False,False,False,True,False,False,False,False,False
isla_no_con_976,False,False,True,False,False,True,False,True,False,False,False
isla_no_con_977,False,False,True,False,False,True,False,False,False,False,False
isla_no_con_978,True,False,False,False,False,False,False,False,False,False,False
isla_no_con_979,False,True,True,False,False,False,False,False,False,False,False
isla_no_con_98,True,False,False,False,False,True,False,False,False,False,False
isla_no_con_980,False,False,False,False,False,True,False,False,False,False,False
isla_no_con_981,False,False,True,False,False,True,False,True,False,False,False
isla_no_con_982,False,False,False,False,False,False,True,False,False,False,False
isla_no_con_983,True,False,False,True,False,False,False,False,True,False,False
isla_no_con_984,False,True,True,False,False,False,False,False,False,False,False
isla_no_con_985,True,False,False,False,False,True,True,False,False,True,False
isla_no_con_986,False,False,False,False,False,False,False,False,False,False,False
isla_no_con_987,False,False,False,False,False,False,False,False,False,False,False
isla_no_con_988,False,False,True,False,False,False,False,False,False,False,False
isla_no_con_989,False,False,False,False,False,False,False,False,False,False,False
isla_no_con_99,True,False,False,False,False,True,True,True,False,False,False
isla_no_con_990,False,True,True,False,False,False,False,False,False,False,False
isla_no_con_991,False,True,True,True,True,False,True,False,True,False,False
isla_no_con_992,True,False,True,False,False,True,False,False,False,False,False
isla_no_con_993,False,False,True,False,False,False,False,True,False,False,False
isla_no_con_994,True,True,True,False,False,True,False,False,False,True,False
isla_no_con_995,True,False,False,False,False,False,True,True,False,False,False
isla_no_con_996,True,False,False,False,False,False,False,False,False,False,False
isla_no_con_997,False,True,True,False,False,False,False,False,False,False,False
isla_no_con_998,True,False,True,False,False,False,False,False,False,False,False
isla_no_con_999,True,False,True,False,False,False,False,False,False,False,False
