,0,1,2,3,4,5,6,7,8,9,10,11,12,13
isla_no_con_1,False,False,False,False,False,False,False,False,False,False,False,False,False,False
isla_no_con_10,True,False,False,True,True,False,False,False,True,False,False,False,False,False
isla_no_con_100,False,True,True,False,False,True,True,False,False,False,True,True,False,True
isla_no_con_1000,False,False,False,True,False,False,False,True,False,True,False,False,False,False
isla_no_con_101,False,False,False,False,False,False,False,False,False,False,False,False,False,False
isla_no_con_102,False,False,False,False,False,False,False,False,False,False,False,False,False,False
isla_no_con_103,True,False,False,False,False,False,False,False,True,False,False,False,False,False
isla_no_con_104,True,False,False,True,False,False,False,False,True,False,False,False,False,False
isla_no_con_105,False,False,False,False,False,False,False,False,True,True,False,False,False,False
isla_no_con_106,False,False,False,False,False,False,False,False,True,True,False,False,False,True
isla_no_con_107,False,False,False,False,False,False,False,False,False,False,False,False,False,False
isla_no_con_108,True,False,False,True,True,False,False,False,False,True,False,False,False,False
isla_no_con_109,False,False,False,True,False,False,False,True,True,True,False,False,False,False
isla_no_con_11,False,False,False,False,False,False,False,False,False,False,False,False,False,False
isla_no_con_110,True,False,False,False,False,False,False,False,True,True,False,False,False,False
isla_no_con_111,False,False,False,False,False,False,False,True,False,False,False,False,False,False
isla_no_con_112,False,False,False,False,False,False,False,True,True,False,False,False,False,False
isla_no_con_113,True,False,False,True,False,False,False,True,False,True,False,False,False,False
isla_no_con_114,False,True,True,False,False,False,True,True,True,True,True,True,False,True
isla_no_con_115,True,False,False,True,False,False,False,True,False,False,False,False,False,False
isla_no_con_116,True,False,False,True,True,False,False,False,False,False,False,False,False,False
isla_no_con_117,False,False,False,False,False,False,False,True,False,False,False,False,False,True
isla_no_con_118,False,False,True,True,False,False,False,False,False,False,False,False,True,False
isla_no_con_119,False,False,False,False,False,False,False,False,False,False,False,False,False,False
isla_no_con_12,False,False,False,True,True,False,False,False,False,False,False,False,False,False
isla_no_con_120,False,False,False,True,False,False,False,False,False,False,False,False,False,False
isla_no_con_121,True,False,False,False,True,False,False,False,False,True,False,False,False,False
isla_no_con_122,False,False,True,False,False,False,False,False,False,True,True,False,False,True
isla_no_con_123,False,False,False,False,False,False,True,True,False,True,False,False,False,False
isla_no_con_124,True,False,False,False,False,False,False,True,False,True,False,False,False,False
isla_no_con_125,True,False,False,True,False,False,False,False,False,False,False,False,False,False
isla_no_con_126,False,False,False,False,False,False,False,True,False,False,False,False,False,False
isla_no_con_127,True,False,False,False,False,False,False,False,False,False,False,False,False,False
isla_no_con_128,True,False,False,True,False,False,False,True,False,False,False,False,False,False
isla_no_con_129,False,True,True,False,False,False,False,False,False,True,True,True,False,True
isla_no_con_13,False,False,False,False,False,False,False,False,False,False,False,False,False,True
isla_no_con_130,True,False,False,True,False,False,False,True,False,False,False,False,False,False
isla_no_con_131,False,False,False,False,True,False,False,False,False,False,False,False,False,False
isla_no_con_132,True,False,False,False,False,False,False,False,False,True,False,False,False,False
isla_no_con_133,False,True,True,False,False,False,False,False,False,True,True,True,False,True
isla_no_con_134,False,False,False,False,False,False,False,True,False,True,False,False,False,False
isla_no_con_135,True,False,False,False,True,False,False,False,False,False,False,False,False,False
isla_no_con_136,False,True,False,False,False,False,True,True,False,True,False,False,False,False
isla_no_con_137,False,False,False,True,False,False,False,True,True,False,False,False,False,False
isla_no_con_138,False,False,False,False,False,False,False,True,True,True,False,False,False,False
isla_no_con_139,False,False,False,False,False,False,False,False,True,False,False,False,False,False
isla_no_con_14,False,False,False,True,False,False,False,False,False,False,False,False,False,False
isla_no_con_140,False,False,False,False,False,False,False,True,False,True,False,False,False,False
isla_no_con_141,False,False,True,False,False,False,False,False,False,False,False,False,True,False
isla_no_con_142,True,False,False,False,False,False,False,False,False,False,False,False,False,False
isla_no_con_143,True,False,False,True,False,False,False,False,True,False,False,False,False,False
isla_no_con_144,False,False,False,False,False,False,False,False,True,False,False,False,False,True
isla_no_con_145,True,False,False,False,False,False,False,False,False,True,False,False,False,False
isla_no_con_146,False,False,False,False,False,False,False,True,False,False,False,False,False,False
isla_no_con_147,False,False,False,False,False,False,False,False,False,True,False,False,False,False
isla_no_con_148,False,False,False,True,False,False,False,False,True,True,False,False,False,False
isla_no_con_149,False,False,False,False,False,False,False,False,False,False,False,False,False,False
isla_no_con_15,True,False,False,True,False,False,True,True,False,True,False,False,False,False
isla_no_con_150,False,False,False,False,False,False,False,False,False,False,False,False,False,False
isla_no_con_151,False,False,False,False,False,False,False,False,True,False,False,False,False,False
isla_no_con_152,False,False,False,True,False,False,False,False,True,False,False,False,False,False
isla_no_con_153,False,False,False,True,False,False,False,True,False,False,False,False,False,False
isla_no_con_154,True,False,False,False,False,False,False,True,True,True,False,False,False,False
isla_no_con_155,True,False,False,False,False,False,False,False,False,False,False,False,False,False
isla_no_con_156,True,False,False,True,False,False,False,False,False,False,False,False,False,False
isla_no_con_157,False,False,False,False,False,False,True,False,False,False,False,False,False,False
isla_no_con_158,False,False,False,False,False,False,False,True,True,True,False,False,False,False
isla_no_con_159,False,False,False,False,False,False,False,True,False,False,False,False,False,False
isla_no_con_16,True,False,False,True,True,False,False,False,True,False,False,False,False,False
isla_no_con_160,False,True,True,False,True,False,False,False,False,True,True,True,False,True
isla_no_con_161,False,False,False,False,False,False,False,True,True,False,False,False,False,False
isla_no_con_162,False,False,False,False,False,False,False,False,False,False,False,False,False,False
isla_no_con_163,False,False,False,False,False,False,True,False,False,False,False,False,False,False
isla_no_con_164,False,False,False,True,False,False,False,True,False,False,False,False,False,False
isla_no_con_165,False,False,False,True,False,False,True,False,False,False,False,False,False,False
isla_no_con_166,False,False,False,False,False,False,False,True,False,True,False,False,False,False
isla_no_con_167,False,True,True,False,False,False,False,False,False,True,True,True,False,True
isla_no_con_168,False,False,False,True,False,False,False,True,True,False,False,False,False,False
isla_no_con_169,False,True,True,False,True,False,False,True,True,True,True,True,False,True
isla_no_con_17,True,False,False,True,False,False,False,True,False,False,False,False,False,False
isla_no_con_170,True,False,False,True,False,False,False,False,True,False,False,False,False,False
isla_no_con_171,False,False,False,False,False,False,False,False,True,False,False,False,False,False
isla_no_con_172,False,False,False,False,False,False,False,True,True,False,False,False,False,False
isla_no_con_173,False,False,False,False,False,False,False,False,True,False,False,False,False,False
isla_no_con_174,True,False,False,False,False,False,False,False,False,True,False,False,False,False
isla_no_con_175,True,False,False,False,False,False,False,False,False,False,False,False,False,False
isla_no_con_176,False,False,False,False,False,False,False,False,False,False,False,False,False,False
isla_no_con_177,False,False,False,False,False,False,False,False,False,False,False,False,False,False
isla_no_con_178,False,False,False,False,False,False,False,False,False,True,False,False,False,False
isla_no_con_179,False,False,True,False,True,False,False,False,False,False,False,True,False,False
isla_no_con_18,False,False,False,False,False,False,False,False,False,True,False,False,False,False
isla_no_con_180,False,False,False,False,False,False,True,True,True,True,False,False,False,False
isla_no_con_181,False,False,False,True,False,False,False,False,True,True,False,False,False,False
isla_no_con_182,False,False,False,False,False,False,False,True,True,True,False,False,False,False
isla_no_con_183,False,False,False,False,False,False,False,True,False,False,False,False,False,False
isla_no_con_184,False,False,False,True,False,False,False,False,False,False,False,False,False,False
isla_no_con_185,False,False,False,False,False,False,False,False,False,False,False,False,False,False
isla_no_con_186,True,False,False,False,False,False,False,True,True,True,False,False,False,False
isla_no_con_187,False,False,False,False,False,False,False,True,False,True,False,False,False,False
isla_no_con_188,False,False,False,False,False,False,False,True,False,True,False,False,False,False
isla_no_con_189,False,False,False,False,False,False,False,False,False,False,False,True,False,False
isla_no_con_19,False,False,False,False,False,False,False,False,False,True,False,False,False,False
isla_no_con_190,False,False,False,True,False,False,False,True,False,True,False,False,False,False
isla_no_con_191,False,False,True,False,False,False,False,False,False,True,False,False,False,True
isla_no_con_192,True,False,False,True,False,False,False,False,False,False,False,False,False,True
isla_no_con_193,False,False,False,False,True,False,False,True,True,False,True,False,False,False
isla_no_con_194,False,False,False,True,False,False,False,False,False,False,False,False,False,False
isla_no_con_195,False,True,True,False,False,False,False,False,False,False,True,True,False,True
isla_no_con_196,False,False,False,False,False,False,False,False,False,False,False,False,False,False
isla_no_con_197,False,False,False,False,False,False,False,True,False,True,False,False,False,False
isla_no_con_198,False,False,False,False,False,False,False,False,True,False,False,False,False,False
isla_no_con_199,False,False,False,True,False,False,False,True,False,True,False,False,False,False
isla_no_con_2,False,False,False,False,False,False,True,True,True,False,False,False,False,True
isla_no_con_20,True,False,False,True,False,False,False,False,False,False,False,False,False,False
isla_no_con_200,False,False,False,False,False,False,False,True,False,False,False,False,False,False
isla_no_con_201,False,False,False,False,False,False,False,False,False,False,False,False,False,False
isla_no_con_202,False,False,False,False,False,False,False,False,False,False,False,False,False,False
isla_no_con_203,False,False,False,False,True,False,False,True,True,True,False,False,False,False
isla_no_con_204,False,False,False,True,True,False,False,False,True,False,False,False,False,False
isla_no_con_205,False,False,False,True,False,False,False,False,True,False,False,False,False,False
isla_no_con_206,False,False,False,False,False,False,False,True,False,True,False,False,False,False
isla_no_con_207,True,False,False,True,True,False,False,False,False,False,False,False,False,False
isla_no_con_208,True,False,False,True,False,False,False,False,False,True,False,False,False,False
isla_no_con_209,True,False,False,False,False,False,False,False,True,False,False,False,False,False
isla_no_con_21,False,False,False,True,False,False,False,False,False,False,False,False,False,False
isla_no_con_210,True,False,False,True,False,False,False,False,False,False,False,False,False,False
isla_no_con_211,False,False,False,False,False,False,False,False,False,True,False,False,True,False
isla_no_con_212,False,False,False,False,False,False,False,False,False,False,False,False,False,False
isla_no_con_213,False,False,False,False,False,False,False,False,True,False,False,False,False,False
isla_no_con_214,True,False,False,True,False,False,False,False,False,False,False,False,False,False
isla_no_con_215,True,False,False,False,False,False,False,True,True,False,False,False,False,False
isla_no_con_216,False,False,False,False,False,False,False,True,False,True,False,False,False,True
isla_no_con_217,False,False,False,True,False,False,False,True,False,True,False,False,False,False
isla_no_con_218,False,False,False,False,False,False,False,True,False,False,False,False,False,False
isla_no_con_219,False,False,False,True,False,False,False,False,True,False,False,False,False,False
isla_no_con_22,False,False,False,False,False,False,False,True,True,False,False,False,False,False
isla_no_con_220,False,True,False,False,False,False,False,True,True,True,False,False,False,False
isla_no_con_221,False,False,False,False,False,False,False,True,False,True,False,False,False,False
isla_no_con_222,False,False,False,False,False,False,True,False,False,False,False,False,False,False
isla_no_con_223,False,True,True,False,False,False,False,False,False,True,True,True,False,True
isla_no_con_224,False,False,False,True,True,False,False,False,False,False,False,False,False,False
isla_no_con_225,False,False,False,False,False,False,False,False,False,True,False,False,False,False
isla_no_con_226,True,False,False,True,False,False,False,False,False,True,False,False,False,False
isla_no_con_227,False,False,False,False,False,False,True,False,False,True,False,False,False,False
isla_no_con_228,False,False,False,False,False,False,False,False,True,False,False,False,False,False
isla_no_con_229,False,False,True,False,False,False,False,False,False,False,False,False,False,False
isla_no_con_23,False,False,False,False,False,False,False,False,False,False,False,False,False,False
isla_no_con_230,False,False,False,False,False,False,False,True,False,False,False,False,True,False
isla_no_con_231,False,False,False,False,False,False,False,True,True,True,False,False,False,True
isla_no_con_232,True,False,False,False,False,False,False,False,True,False,False,False,False,False
isla_no_con_233,True,False,False,False,False,False,False,False,False,False,False,False,False,False
isla_no_con_234,False,False,False,False,True,False,False,False,True,False,False,False,False,False
isla_no_con_235,False,False,False,False,False,False,False,False,False,False,False,False,False,False
isla_no_con_236,False,False,False,False,False,False,False,False,False,False,False,False,False,False
isla_no_con_237,True,False,False,False,True,False,False,True,False,True,False,False,False,False
isla_no_con_238,False,False,False,False,False,False,False,False,False,True,False,False,False,False
isla_no_con_239,True,False,False,False,False,False,False,False,False,False,False,False,False,False
isla_no_con_24,False,False,False,True,False,False,False,True,True,False,False,False,False,False
isla_no_con_240,True,False,False,False,False,False,False,False,True,False,False,False,False,False
isla_no_con_241,False,False,False,False,False,False,False,False,False,False,False,False,False,False
isla_no_con_242,False,False,True,False,False,False,False,False,False,False,False,False,True,False
isla_no_con_243,False,False,False,False,False,False,False,False,False,False,False,False,False,False
isla_no_con_244,False,False,False,True,False,False,False,False,False,True,False,False,False,False
isla_no_con_245,False,False,False,True,False,False,True,False,False,True,False,False,False,False
isla_no_con_246,False,False,False,False,False,False,False,False,True,False,False,False,False,False
isla_no_con_247,False,False,False,False,False,False,False,True,False,False,False,False,False,False
isla_no_con_248,False,True,True,False,False,False,False,False,True,False,True,True,False,True
isla_no_con_249,False,False,False,False,False,False,False,False,False,False,False,False,False,False
isla_no_con_25,False,False,False,False,False,False,False,False,False,False,False,False,False,False
isla_no_con_250,False,False,False,False,False,False,True,True,False,False,False,False,False,True
isla_no_con_251,False,False,True,False,False,False,False,False,False,False,False,False,True,False
isla_no_con_252,False,False,False,False,False,False,False,True,False,True,False,False,False,False
isla_no_con_253,False,False,False,False,False,False,False,False,False,False,False,False,False,False
isla_no_con_254,False,False,False,False,False,False,False,True,False,True,False,False,False,False
isla_no_con_255,False,False,False,False,False,False,False,False,False,False,False,False,False,False
isla_no_con_256,True,False,False,True,False,False,False,False,False,False,False,False,False,False
isla_no_con_257,False,True,True,False,False,False,False,False,False,False,True,True,False,True
isla_no_con_258,False,False,False,False,False,False,False,True,False,False,False,False,False,False
isla_no_con_259,True,False,False,True,False,False,False,False,True,False,False,False,False,False
isla_no_con_26,True,False,False,True,False,False,False,False,True,False,False,False,False,False
isla_no_con_260,True,False,False,False,False,False,False,False,True,False,False,False,False,False
isla_no_con_261,False,False,False,False,False,False,False,True,False,True,False,False,False,False
isla_no_con_262,False,False,False,False,False,False,False,False,False,True,False,False,False,False
isla_no_con_263,False,False,False,False,False,False,False,True,True,True,False,False,False,False
isla_no_con_264,True,False,False,False,False,False,False,True,False,True,False,False,False,False
isla_no_con_265,False,False,True,False,False,False,False,False,False,False,False,False,True,False
isla_no_con_266,True,False,False,False,False,False,False,False,True,True,False,False,False,False
isla_no_con_267,True,False,False,False,False,False,False,False,True,True,False,False,False,False
isla_no_con_268,False,False,False,False,False,False,False,False,False,False,False,False,False,False
isla_no_con_269,False,False,False,False,False,False,False,False,True,False,False,False,False,False
isla_no_con_27,False,False,False,False,False,False,True,False,True,False,False,False,False,False
isla_no_con_270,False,True,False,False,False,False,False,True,False,True,False,False,False,False
isla_no_con_271,False,False,False,False,False,False,False,True,False,False,False,False,False,True
isla_no_con_272,False,False,False,False,False,False,False,False,False,False,False,False,False,False
isla_no_con_273,True,False,False,False,False,False,False,True,True,True,False,False,False,False
isla_no_con_274,False,False,False,False,False,False,True,False,True,True,False,False,False,False
isla_no_con_275,True,False,False,True,False,False,False,False,True,True,False,False,False,False
isla_no_con_276,False,True,True,False,False,True,False,False,False,False,True,True,False,True
isla_no_con_277,False,False,False,False,False,False,True,False,False,False,False,False,False,False
isla_no_con_278,False,False,False,False,False,False,False,False,False,False,False,False,False,False
isla_no_con_279,False,False,False,True,False,False,False,False,True,False,False,False,False,False
isla_no_con_28,True,False,False,False,True,False,False,True,False,False,False,False,False,False
isla_no_con_280,False,False,False,False,False,False,False,True,False,False,False,False,False,False
isla_no_con_281,False,False,False,False,False,False,False,False,False,False,False,False,False,False
isla_no_con_282,False,False,False,False,False,False,False,True,False,True,False,False,False,False
isla_no_con_283,False,False,True,False,False,False,False,True,False,True,True,False,False,True
isla_no_con_284,False,False,False,False,False,False,False,False,False,True,False,True,False,False
isla_no_con_285,False,False,False,False,False,False,False,True,True,False,False,False,False,False
isla_no_con_286,False,False,False,False,False,False,False,True,False,False,False,False,False,False
isla_no_con_287,False,False,False,False,False,False,False,False,False,True,False,False,False,True
isla_no_con_288,False,False,False,True,False,False,False,True,False,True,False,False,False,False
isla_no_con_289,True,False,False,True,False,False,False,False,True,False,False,False,False,False
isla_no_con_29,False,False,False,False,False,False,False,True,False,True,False,False,False,False
isla_no_con_290,False,False,False,False,False,False,False,True,True,True,False,False,False,False
isla_no_con_291,False,False,False,False,False,False,True,False,False,True,False,False,False,False
isla_no_con_292,False,True,False,False,False,False,False,True,True,True,False,False,False,False
isla_no_con_293,False,False,False,True,False,False,False,True,True,True,False,False,False,False
isla_no_con_294,False,False,False,False,False,False,False,False,False,False,False,False,False,False
isla_no_con_295,False,False,False,False,False,False,False,True,True,False,False,False,False,False
isla_no_con_296,False,False,False,False,True,False,False,False,True,False,True,False,False,True
isla_no_con_297,False,False,False,False,False,False,False,False,False,True,False,False,False,False
isla_no_con_298,False,False,True,False,False,False,False,False,False,False,False,False,False,True
isla_no_con_299,False,False,False,True,False,False,False,False,True,False,False,False,False,False
isla_no_con_3,False,False,True,False,False,False,False,False,False,True,False,True,False,False
isla_no_con_30,False,True,True,False,False,False,False,False,False,False,True,True,False,True
isla_no_con_300,True,False,False,False,False,False,False,False,True,False,False,False,False,False
isla_no_con_301,True,False,False,False,False,False,False,False,False,False,False,False,False,False
isla_no_con_302,False,False,False,False,False,False,False,True,False,True,False,False,False,False
isla_no_con_303,True,False,False,False,False,False,False,False,True,True,False,False,False,False
isla_no_con_304,False,False,True,False,False,True,True,True,False,False,False,False,False,False
isla_no_con_305,False,True,True,False,True,False,True,False,False,False,True,True,False,True
isla_no_con_306,False,False,False,False,True,False,False,True,False,True,False,False,False,False
isla_no_con_307,False,False,False,True,False,False,False,False,True,False,False,False,False,False
isla_no_con_308,True,False,False,True,False,False,False,False,False,False,False,False,False,False
isla_no_con_309,False,False,False,True,True,False,False,False,False,False,False,False,False,False
isla_no_con_31,True,False,False,False,False,False,False,True,True,False,False,False,False,False
isla_no_con_310,True,False,False,True,False,False,False,False,True,False,False,False,False,False
isla_no_con_311,True,False,False,True,True,False,False,False,False,False,False,False,False,False
isla_no_con_312,True,False,False,False,False,False,False,False,False,False,False,False,False,False
isla_no_con_313,False,False,False,False,False,False,False,True,False,False,False,False,False,False
isla_no_con_314,False,False,True,False,False,False,False,False,True,True,False,False,True,False
isla_no_con_315,False,False,False,False,False,False,False,False,True,False,False,False,False,True
isla_no_con_316,True,False,False,True,True,False,True,False,True,False,False,False,True,False
isla_no_con_317,False,False,True,False,False,False,False,True,True,True,False,False,False,True
isla_no_con_318,False,False,False,False,False,False,False,False,False,False,False,False,False,False
isla_no_con_319,False,False,False,True,False,False,False,False,False,False,False,False,False,False
isla_no_con_32,False,False,False,True,False,False,False,False,True,False,False,False,False,False
isla_no_con_320,True,False,False,True,False,False,False,True,False,True,False,False,False,False
isla_no_con_321,False,False,False,False,False,False,False,False,False,True,False,True,False,False
isla_no_con_322,False,False,False,False,False,False,False,False,False,False,False,False,False,False
isla_no_con_323,False,False,False,False,False,False,False,True,False,True,False,False,False,False
isla_no_con_324,False,False,False,False,False,False,False,False,False,False,False,False,False,False
isla_no_con_325,False,True,True,False,True,True,True,False,False,True,True,True,False,True
isla_no_con_326,False,False,False,False,False,False,False,True,False,True,False,False,False,False
isla_no_con_327,True,False,False,True,False,False,False,False,True,False,False,False,False,False
isla_no_con_328,True,False,False,True,True,False,False,False,False,False,False,False,False,False
isla_no_con_329,True,False,False,True,False,False,False,False,False,False,False,False,False,False
isla_no_con_33,True,False,False,False,False,False,False,False,False,False,False,False,False,False
isla_no_con_330,False,False,False,False,False,False,False,False,False,True,False,False,False,False
isla_no_con_331,False,False,True,False,False,True,False,True,False,False,False,False,False,False
isla_no_con_332,False,False,False,True,True,False,False,True,True,False,False,False,False,False
isla_no_con_333,False,False,False,True,False,False,False,False,True,False,False,False,False,False
isla_no_con_334,True,False,False,False,False,False,False,False,True,False,False,False,False,False
isla_no_con_335,False,False,False,False,False,False,False,True,True,True,False,False,False,False
isla_no_con_336,False,False,False,False,True,False,False,True,False,False,False,False,False,False
isla_no_con_337,False,False,False,False,False,False,False,True,False,True,False,False,False,False
isla_no_con_338,False,False,False,True,False,False,False,False,True,True,False,False,False,False
isla_no_con_339,False,False,True,False,False,False,True,False,False,False,False,True,False,False
isla_no_con_34,False,False,False,True,False,False,False,False,False,False,False,False,False,False
isla_no_con_340,False,False,False,True,False,False,False,True,True,False,False,False,False,False
isla_no_con_341,False,False,False,True,False,False,False,True,True,True,False,False,False,False
isla_no_con_342,True,False,False,False,False,False,False,True,False,False,False,False,False,False
isla_no_con_343,False,False,False,False,False,False,False,True,False,True,False,False,False,False
isla_no_con_344,False,False,False,False,False,False,False,True,False,False,False,False,False,False
isla_no_con_345,False,False,False,True,True,False,False,True,False,True,False,False,False,False
isla_no_con_346,False,False,False,False,False,False,False,False,True,True,False,False,False,False
isla_no_con_347,True,False,False,False,False,False,False,True,False,True,False,False,False,False
isla_no_con_348,True,False,False,False,False,False,False,False,False,False,False,False,False,False
isla_no_con_349,False,False,False,False,False,False,False,True,False,True,False,False,False,False
isla_no_con_35,False,False,False,False,False,False,False,True,False,False,False,False,False,False
isla_no_con_350,True,False,False,False,False,False,False,True,False,False,False,False,False,False
isla_no_con_351,False,False,False,False,False,False,True,False,False,False,False,False,False,False
isla_no_con_352,False,True,True,False,False,False,False,False,False,True,True,True,False,True
isla_no_con_353,False,False,False,False,False,False,False,False,False,False,False,False,False,False
isla_no_con_354,False,False,False,False,False,False,False,True,True,False,False,False,False,True
isla_no_con_355,False,False,False,False,False,False,False,False,False,False,False,False,False,False
isla_no_con_356,False,True,True,False,False,False,False,False,False,True,True,True,False,True
isla_no_con_357,False,False,False,True,True,False,False,False,False,False,False,False,False,False
isla_no_con_358,True,False,False,False,True,False,False,False,True,False,False,False,False,False
isla_no_con_359,False,False,False,False,False,False,True,True,False,False,False,False,False,False
isla_no_con_36,False,False,False,False,False,False,False,False,False,False,False,False,False,False
isla_no_con_360,False,False,False,False,False,False,False,True,True,True,False,False,False,False
isla_no_con_361,False,False,False,False,False,False,False,False,False,True,False,False,False,False
isla_no_con_362,True,False,False,False,False,False,False,True,False,True,False,False,False,False
isla_no_con_363,False,False,False,False,False,False,False,False,False,False,False,False,False,False
isla_no_con_364,True,False,False,True,False,False,False,False,False,True,False,False,False,False
isla_no_con_365,True,False,False,False,False,False,True,True,True,True,False,False,False,False
isla_no_con_366,True,False,False,True,False,False,False,False,False,False,False,False,False,False
isla_no_con_367,False,False,False,False,False,False,False,True,False,False,False,False,False,False
isla_no_con_368,False,False,False,True,False,False,False,True,True,False,False,False,False,False
isla_no_con_369,True,False,False,True,False,False,False,False,True,False,False,False,False,False
isla_no_con_37,True,False,False,False,False,False,False,False,False,False,False,False,False,False
isla_no_con_370,True,False,False,False,False,False,False,False,False,False,False,False,False,False
isla_no_con_371,False,False,False,True,False,False,False,True,False,True,False,False,False,False
isla_no_con_372,False,False,False,False,False,False,False,True,False,True,False,False,False,False
isla_no_con_373,False,False,False,False,False,False,False,False,False,False,False,False,False,False
isla_no_con_374,False,False,False,False,False,False,False,False,False,False,False,False,False,False
isla_no_con_375,False,False,False,False,False,False,False,False,True,False,False,False,False,False
isla_no_con_376,True,False,False,True,False,False,True,False,False,False,False,False,False,False
isla_no_con_377,False,True,True,False,True,False,False,False,True,True,True,True,False,True
isla_no_con_378,False,False,True,False,False,False,False,False,True,False,False,False,False,True
isla_no_con_379,True,False,False,True,False,False,False,False,True,False,False,False,False,False
isla_no_con_38,True,False,False,False,False,False,False,True,True,False,False,False,False,False
isla_no_con_380,False,False,False,True,False,False,True,False,False,False,False,False,False,False
isla_no_con_381,False,False,True,False,True,False,False,True,False,False,False,False,False,False
isla_no_con_382,False,False,False,False,False,True,False,True,False,False,False,False,False,False
isla_no_con_383,True,False,False,False,False,False,True,False,True,False,False,False,False,False
isla_no_con_384,True,False,False,True,False,False,False,False,True,False,False,False,False,False
isla_no_con_385,False,False,False,False,False,False,False,True,False,False,False,False,False,False
isla_no_con_386,False,False,False,True,False,False,False,True,False,False,False,False,False,False
isla_no_con_387,False,False,True,False,False,False,False,False,False,False,False,False,True,False
isla_no_con_388,False,False,False,False,False,False,False,True,False,False,False,False,False,False
isla_no_con_389,False,False,True,False,False,False,False,True,True,True,False,False,False,True
isla_no_con_39,False,False,False,False,False,False,True,False,False,True,False,False,False,False
isla_no_con_390,False,False,False,False,False,False,False,False,True,False,False,False,False,False
isla_no_con_391,False,False,False,False,False,False,False,False,False,False,False,False,False,False
isla_no_con_392,False,False,False,False,False,False,False,True,False,False,False,False,False,True
isla_no_con_393,False,False,False,False,False,False,False,True,True,True,False,False,False,False
isla_no_con_394,True,False,False,False,False,False,False,False,True,False,False,False,False,False
isla_no_con_395,True,False,False,False,False,False,False,True,True,False,False,False,False,False
isla_no_con_396,True,False,False,True,False,False,False,False,False,False,False,False,False,False
isla_no_con_397,False,False,False,False,False,False,False,False,True,False,False,False,False,False
isla_no_con_398,False,False,False,False,False,False,False,False,False,False,False,False,False,False
isla_no_con_399,False,False,False,False,False,False,False,False,False,False,False,False,False,False
isla_no_con_4,False,False,True,False,True,False,False,True,False,True,False,False,False,True
isla_no_con_40,False,False,False,False,False,False,False,True,False,True,False,False,False,False
isla_no_con_400,False,False,False,False,False,False,True,True,True,True,False,False,False,False
isla_no_con_401,False,False,False,False,False,False,False,False,False,False,False,False,False,False
isla_no_con_402,False,False,False,False,False,False,False,True,True,True,False,False,False,False
isla_no_con_403,False,False,False,False,False,False,False,False,True,False,False,False,False,False
isla_no_con_404,False,False,False,False,False,False,False,False,False,True,False,False,False,False
isla_no_con_405,True,False,False,True,False,False,False,False,False,True,False,False,False,False
isla_no_con_406,False,True,True,False,False,False,False,False,False,False,True,True,False,True
isla_no_con_407,True,False,False,False,False,False,False,False,False,True,False,False,False,False
isla_no_con_408,False,False,False,False,False,False,False,False,False,False,False,False,False,False
isla_no_con_409,False,False,False,False,False,False,True,True,False,True,False,False,False,False
isla_no_con_41,True,False,False,False,False,False,False,False,False,True,False,False,False,False
isla_no_con_410,False,True,True,False,False,True,False,False,True,False,True,True,False,True
isla_no_con_411,True,False,False,False,False,False,True,False,False,True,False,False,False,False
isla_no_con_412,False,False,False,True,False,False,False,False,False,False,False,False,False,False
isla_no_con_413,True,False,False,True,False,False,False,False,True,False,False,False,False,False
isla_no_con_414,False,False,False,False,False,False,False,False,False,False,False,False,False,False
isla_no_con_415,False,True,True,False,False,False,True,True,False,True,True,True,False,True
isla_no_con_416,False,False,False,False,False,False,True,False,False,False,False,False,False,False
isla_no_con_417,False,False,False,False,True,False,False,True,False,True,False,False,False,False
isla_no_con_418,True,False,False,False,False,False,False,False,False,False,False,False,False,False
isla_no_con_419,False,False,False,False,False,False,False,True,False,True,False,False,False,False
isla_no_con_42,True,False,False,False,False,False,False,False,False,True,False,False,False,False
isla_no_con_420,True,False,False,False,False,False,False,False,False,False,False,False,False,False
isla_no_con_421,False,False,False,False,False,False,False,True,False,False,False,False,False,False
isla_no_con_422,False,False,False,False,False,False,False,False,True,False,False,False,False,False
isla_no_con_423,False,False,False,True,False,False,False,True,False,True,False,False,False,False
isla_no_con_424,True,False,False,True,False,False,False,False,False,False,False,False,False,False
isla_no_con_425,False,False,False,False,False,False,False,False,True,False,False,False,False,False
isla_no_con_426,True,False,False,False,False,False,False,False,False,True,False,False,False,False
isla_no_con_427,False,False,False,False,False,False,False,True,False,False,False,False,False,False
isla_no_con_428,False,False,False,False,False,False,False,True,False,False,False,False,False,True
isla_no_con_429,False,False,False,False,False,False,False,False,False,True,False,False,False,False
isla_no_con_43,False,False,False,False,False,False,False,False,False,True,False,False,False,False
isla_no_con_430,False,False,False,False,False,False,False,True,False,False,False,False,False,False
isla_no_con_431,True,False,False,True,True,False,False,True,True,False,False,False,False,False
isla_no_con_432,False,False,False,False,False,False,False,True,False,False,False,False,False,False
isla_no_con_433,True,False,False,False,False,False,False,False,False,False,False,False,False,False
isla_no_con_434,False,True,True,False,False,False,True,False,False,False,True,True,False,True
isla_no_con_435,False,False,False,True,False,False,False,True,False,True,False,False,False,False
isla_no_con_436,False,False,False,False,False,False,True,False,False,True,False,False,False,False
isla_no_con_437,True,False,False,False,False,False,False,True,False,True,False,False,False,False
isla_no_con_438,False,False,False,False,False,False,False,True,False,False,False,False,False,False
isla_no_con_439,False,False,False,True,False,False,True,True,False,False,False,False,False,False
isla_no_con_44,False,True,True,False,True,False,False,False,False,False,True,True,False,True
isla_no_con_440,True,False,False,False,False,False,True,False,False,False,False,False,False,False
isla_no_con_441,False,False,False,False,False,False,False,True,False,True,False,False,False,False
isla_no_con_442,True,False,False,False,False,False,False,True,False,False,False,False,False,False
isla_no_con_443,True,False,False,False,False,False,False,True,False,False,False,False,False,False
isla_no_con_444,False,False,False,True,False,False,False,False,True,True,False,False,False,False
isla_no_con_445,False,False,False,False,False,False,False,False,False,False,False,False,False,False
isla_no_con_446,False,False,False,False,False,False,False,True,True,False,False,False,False,False
isla_no_con_447,False,False,False,True,False,False,False,False,False,True,False,False,False,False
isla_no_con_448,False,False,False,False,False,False,False,True,False,False,False,False,False,False
isla_no_con_449,False,True,True,False,False,False,True,False,False,False,True,True,False,True
isla_no_con_45,True,False,False,False,False,False,False,True,False,False,False,False,False,False
isla_no_con_450,False,False,False,True,False,False,False,False,True,False,False,False,False,False
isla_no_con_451,False,False,False,False,False,False,False,True,False,False,False,False,False,False
isla_no_con_452,True,False,False,True,False,False,False,False,False,False,False,False,False,False
isla_no_con_453,True,False,False,False,False,False,False,True,False,True,False,False,False,False
isla_no_con_454,False,False,False,False,False,False,False,True,True,True,False,False,False,True
isla_no_con_455,False,False,False,False,False,False,False,True,True,True,False,False,False,False
isla_no_con_456,True,False,False,False,False,False,False,False,False,True,False,False,False,False
isla_no_con_457,False,False,True,False,False,False,False,True,False,True,False,False,False,False
isla_no_con_458,False,False,False,False,False,False,False,False,False,False,False,False,False,False
isla_no_con_459,False,False,False,False,False,False,False,False,True,False,False,False,False,False
isla_no_con_46,False,False,False,False,False,False,False,False,False,False,False,False,False,False
isla_no_con_460,False,True,True,False,False,False,False,False,False,False,True,True,True,True
isla_no_con_461,True,False,False,True,False,False,False,False,True,True,False,False,False,False
isla_no_con_462,False,False,False,False,False,False,False,True,False,False,False,False,False,False
isla_no_con_463,False,False,False,False,False,False,False,True,False,True,False,False,False,False
isla_no_con_464,False,False,False,False,False,False,False,True,True,False,False,False,False,False
isla_no_con_465,False,False,False,True,False,False,False,False,True,False,False,False,False,False
isla_no_con_466,False,False,False,False,False,False,False,False,True,True,False,False,False,False
isla_no_con_467,False,False,False,True,False,False,False,False,False,True,False,False,False,False
isla_no_con_468,False,False,False,True,False,False,False,False,False,False,False,False,False,False
isla_no_con_469,False,False,True,False,False,False,False,False,False,False,False,False,True,False
isla_no_con_47,False,False,False,False,False,False,False,False,False,False,False,False,False,False
isla_no_con_470,True,False,False,True,False,False,False,False,False,False,False,False,False,False
isla_no_con_471,False,False,False,True,False,False,False,False,False,False,False,False,False,False
isla_no_con_472,False,False,False,False,False,False,True,True,True,True,False,False,False,False
isla_no_con_473,True,False,False,True,False,False,False,False,True,False,False,False,False,False
isla_no_con_474,True,False,False,False,False,False,False,False,False,True,False,False,False,False
isla_no_con_475,False,False,False,False,False,False,False,False,True,False,False,False,False,False
isla_no_con_476,False,False,False,False,False,False,True,True,False,True,False,False,False,False
isla_no_con_477,False,True,True,False,False,False,True,False,True,True,True,True,False,True
isla_no_con_478,False,True,True,False,False,False,True,True,False,True,False,False,False,False
isla_no_con_479,False,False,False,False,False,False,False,True,False,False,False,False,False,False
isla_no_con_48,True,False,False,False,False,False,False,False,False,False,False,False,False,False
isla_no_con_480,False,False,False,False,False,False,False,False,True,False,False,True,False,False
isla_no_con_481,False,False,False,False,False,False,False,True,False,False,False,False,True,False
isla_no_con_482,False,False,False,False,False,False,False,True,False,False,False,True,False,False
isla_no_con_483,False,False,False,True,False,False,False,False,True,True,False,False,False,False
isla_no_con_484,False,False,False,False,False,False,False,True,False,True,True,False,False,True
isla_no_con_485,False,False,False,False,True,False,False,False,False,True,False,True,False,False
isla_no_con_486,True,False,False,True,False,False,False,False,False,False,False,False,False,False
isla_no_con_487,False,False,False,False,False,False,False,False,False,False,False,False,False,False
isla_no_con_488,False,False,False,False,False,False,False,True,False,False,False,False,False,False
isla_no_con_489,False,False,False,False,False,False,False,False,False,True,False,False,False,False
isla_no_con_49,True,False,False,True,False,False,False,False,True,False,False,False,False,False
isla_no_con_490,True,False,False,True,False,False,False,False,False,False,False,False,False,False
isla_no_con_491,False,False,False,False,False,False,False,False,True,False,False,False,False,False
isla_no_con_492,False,False,False,False,False,False,False,False,False,False,False,False,False,False
isla_no_con_493,False,False,False,False,False,False,True,False,False,True,False,False,False,False
isla_no_con_494,False,False,False,False,False,False,False,False,False,False,False,False,False,False
isla_no_con_495,False,False,False,False,True,False,False,False,False,True,False,False,False,False
isla_no_con_496,False,False,False,False,False,False,False,False,False,False,False,False,False,False
isla_no_con_497,False,False,True,False,False,False,False,False,False,True,False,True,False,False
isla_no_con_498,False,False,False,False,False,False,False,False,True,False,False,False,False,False
isla_no_con_499,True,False,False,False,False,False,False,False,False,True,False,False,False,False
isla_no_con_5,True,False,False,True,False,False,False,False,False,False,False,False,False,False
isla_no_con_50,False,False,False,False,False,False,False,False,True,False,False,False,False,False
isla_no_con_500,False,False,False,False,False,False,False,True,True,False,False,False,False,False
isla_no_con_501,False,True,True,False,True,False,True,False,False,False,True,True,False,True
isla_no_con_502,False,False,False,True,False,False,True,False,False,False,False,False,False,False
isla_no_con_503,False,False,False,False,False,False,False,True,True,True,False,False,False,False
isla_no_con_504,False,False,False,False,False,False,False,True,False,False,False,False,False,False
isla_no_con_505,True,False,False,False,False,False,False,False,True,False,False,False,False,False
isla_no_con_506,False,False,False,False,False,False,False,True,False,True,False,False,False,False
isla_no_con_507,True,False,False,True,False,False,False,False,False,False,False,False,False,False
isla_no_con_508,False,False,False,True,False,False,False,False,True,False,False,False,False,False
isla_no_con_509,False,False,False,False,False,False,False,True,False,False,False,False,False,False
isla_no_con_51,False,False,False,True,False,False,False,False,False,False,False,False,False,False
isla_no_con_510,False,False,False,False,False,False,False,True,False,True,False,False,False,True
isla_no_con_511,False,False,False,False,False,False,False,False,False,True,False,False,False,False
isla_no_con_512,True,False,False,False,False,False,False,True,False,False,False,False,False,True
isla_no_con_513,True,False,False,False,False,False,False,False,False,True,False,False,False,False
isla_no_con_514,False,False,False,True,False,False,False,False,False,True,False,False,False,False
isla_no_con_515,False,False,False,False,False,False,False,False,False,False,False,False,False,False
isla_no_con_516,True,False,False,False,False,False,False,False,False,False,False,False,False,False
isla_no_con_517,True,False,False,False,False,False,False,True,True,False,False,False,False,False
isla_no_con_518,False,False,False,False,False,False,False,False,False,False,False,False,False,False
isla_no_con_519,False,False,False,False,False,False,False,False,False,False,False,False,False,False
isla_no_con_52,True,False,False,False,False,False,False,False,True,False,False,False,False,False
isla_no_con_520,True,False,False,True,False,False,False,False,False,True,False,False,False,False
isla_no_con_521,True,False,False,False,False,False,False,False,False,True,False,False,False,False
isla_no_con_522,False,False,False,False,False,False,False,True,True,True,False,False,False,False
isla_no_con_523,False,False,False,False,False,False,False,True,True,True,False,False,False,False
isla_no_con_524,False,False,False,False,True,False,False,False,False,False,False,False,False,False
isla_no_con_525,True,False,False,True,False,False,False,False,False,False,False,False,False,False
isla_no_con_526,False,False,False,False,False,False,False,False,True,False,False,False,False,False
isla_no_con_527,True,False,False,True,False,False,False,False,False,False,False,False,False,False
isla_no_con_528,False,False,False,False,False,False,False,True,True,False,False,False,False,True
isla_no_con_529,False,False,False,False,False,False,False,False,True,False,False,False,False,False
isla_no_con_53,True,False,False,False,True,False,False,False,False,False,False,False,False,False
isla_no_con_530,False,False,False,True,False,False,True,False,False,False,False,False,False,False
isla_no_con_531,True,False,False,False,False,False,True,False,True,True,False,False,False,True
isla_no_con_532,False,False,False,False,False,False,False,True,False,False,False,False,False,False
isla_no_con_533,False,False,False,False,False,False,False,False,False,True,False,False,False,False
isla_no_con_534,False,False,False,False,False,False,False,True,True,True,False,False,False,False
isla_no_con_535,False,False,False,True,False,False,False,True,False,False,False,False,False,False
isla_no_con_536,False,False,False,False,False,False,False,False,False,False,False,False,False,False
isla_no_con_537,False,False,True,False,False,False,False,False,False,False,False,False,False,True
isla_no_con_538,True,False,False,False,False,False,False,False,False,False,False,False,False,False
isla_no_con_539,True,False,False,False,False,False,False,True,False,False,False,False,False,False
isla_no_con_54,False,False,False,False,False,False,False,True,False,True,False,False,False,False
isla_no_con_540,False,False,False,False,False,False,False,False,False,False,False,False,False,True
isla_no_con_541,True,False,False,True,False,False,False,False,False,True,False,False,False,False
isla_no_con_542,False,False,False,False,False,False,False,False,False,False,False,False,False,False
isla_no_con_543,False,False,False,True,False,False,False,False,False,False,False,False,False,False
isla_no_con_544,False,False,False,True,False,False,False,False,False,True,False,False,False,False
isla_no_con_545,False,False,False,False,False,False,False,True,False,False,False,False,False,False
isla_no_con_546,False,False,False,False,False,False,False,False,True,False,False,False,False,False
isla_no_con_547,False,False,False,False,False,False,False,True,False,False,False,False,False,True
isla_no_con_548,False,False,False,False,False,False,False,True,True,True,False,False,False,True
isla_no_con_549,False,False,False,False,False,False,False,False,True,True,False,False,False,False
isla_no_con_55,False,True,True,False,False,False,False,False,False,True,True,True,False,True
isla_no_con_550,False,False,False,False,False,False,False,False,False,False,False,False,False,False
isla_no_con_551,True,False,False,True,False,False,True,False,True,False,False,False,False,False
isla_no_con_552,False,False,False,False,False,False,False,True,False,False,False,False,False,False
isla_no_con_553,False,False,False,False,True,False,False,False,False,False,False,False,False,False
isla_no_con_554,True,False,False,True,False,False,False,False,False,True,False,False,False,False
isla_no_con_555,False,False,False,True,True,False,False,False,True,False,False,False,False,False
isla_no_con_556,True,False,False,False,False,False,False,True,True,False,False,False,False,False
isla_no_con_557,False,False,False,False,True,False,False,True,True,False,False,False,False,False
isla_no_con_558,False,False,False,False,False,False,False,False,False,False,False,False,False,False
isla_no_con_559,True,False,False,True,False,False,False,False,False,False,False,False,False,False
isla_no_con_56,False,False,False,False,True,False,False,False,True,False,False,False,False,False
isla_no_con_560,False,False,False,True,False,False,False,False,False,True,False,False,False,False
isla_no_con_561,False,False,False,False,True,False,False,False,True,True,False,False,False,False
isla_no_con_562,False,False,False,False,False,False,False,True,False,True,False,False,False,False
isla_no_con_563,False,False,False,False,True,False,False,True,False,False,False,False,False,False
isla_no_con_564,True,False,False,True,False,False,False,True,False,True,False,False,False,False
isla_no_con_565,True,False,False,False,False,False,False,False,False,False,False,False,False,True
isla_no_con_566,True,False,False,True,True,False,False,False,True,False,False,False,False,False
isla_no_con_567,True,False,False,False,False,False,False,False,True,False,False,False,False,False
isla_no_con_568,True,False,False,False,False,False,False,False,False,False,False,False,False,False
isla_no_con_569,True,False,False,False,False,False,True,False,False,False,False,False,False,False
isla_no_con_57,False,False,False,False,False,False,True,False,False,False,False,False,False,False
isla_no_con_570,False,False,False,False,False,False,False,True,False,True,False,False,False,False
isla_no_con_571,True,False,False,False,False,False,False,False,False,False,False,False,False,False
isla_no_con_572,True,False,False,False,False,False,False,False,True,False,False,False,False,False
isla_no_con_573,False,False,False,False,False,False,False,False,False,False,False,False,False,False
isla_no_con_574,False,False,False,False,False,False,True,True,False,False,False,False,False,True
isla_no_con_575,False,False,False,True,False,False,False,False,True,True,False,False,False,False
isla_no_con_576,False,False,False,False,False,False,False,True,False,False,True,False,False,True
isla_no_con_577,False,False,False,False,False,False,False,False,False,False,False,False,False,False
isla_no_con_578,False,False,False,False,False,False,False,True,False,False,False,False,False,True
isla_no_con_579,False,False,False,False,False,False,False,False,False,False,False,False,False,False
isla_no_con_58,True,False,False,True,False,False,False,False,True,False,False,False,False,False
isla_no_con_580,False,False,False,True,True,False,False,False,False,True,False,False,False,False
isla_no_con_581,False,False,False,False,False,False,False,True,True,True,False,False,False,False
isla_no_con_582,False,True,False,False,False,False,False,True,False,True,False,False,False,False
isla_no_con_583,False,False,False,False,False,False,False,True,False,False,False,False,False,False
isla_no_con_584,False,False,False,False,False,False,False,False,False,False,False,False,False,False
isla_no_con_585,True,False,False,False,False,False,False,False,True,True,False,False,False,False
isla_no_con_586,False,False,False,True,False,False,False,True,True,True,False,False,False,False
isla_no_con_587,False,False,False,False,False,False,False,False,False,False,False,False,False,False
isla_no_con_588,False,False,False,False,False,False,False,True,False,True,False,False,False,False
isla_no_con_589,False,False,False,False,False,False,False,True,False,False,False,False,False,False
isla_no_con_59,False,False,False,False,False,False,True,False,False,False,False,False,False,False
isla_no_con_590,False,True,True,False,False,True,False,True,False,True,True,True,False,True
isla_no_con_591,True,False,False,False,False,False,False,False,False,True,False,False,False,False
isla_no_con_592,False,False,False,False,False,False,False,False,False,False,True,False,False,True
isla_no_con_593,False,True,True,False,True,False,False,False,False,False,True,True,False,True
isla_no_con_594,False,False,False,True,False,False,False,True,False,True,False,False,False,False
isla_no_con_595,False,False,False,False,True,False,False,False,False,False,False,False,False,False
isla_no_con_596,False,False,False,False,True,False,False,False,True,True,False,False,False,False
isla_no_con_597,False,False,False,True,False,False,False,True,False,True,False,False,False,False
isla_no_con_598,True,False,False,False,False,False,False,False,False,False,True,False,False,True
isla_no_con_599,False,False,False,False,False,False,False,False,True,False,False,False,False,False
isla_no_con_6,False,False,False,True,False,False,False,False,False,False,False,False,False,False
isla_no_con_60,True,False,False,True,False,False,False,False,False,True,False,False,False,False
isla_no_con_600,False,False,False,False,True,False,False,True,False,False,True,False,False,True
isla_no_con_601,True,False,False,False,False,False,True,False,True,True,False,False,False,False
isla_no_con_602,False,False,False,False,False,False,False,True,False,True,False,False,False,False
isla_no_con_603,False,False,False,False,False,False,False,False,False,True,False,False,False,False
isla_no_con_604,False,False,False,False,False,False,False,True,False,True,False,False,False,False
isla_no_con_605,False,False,False,False,False,False,False,True,False,True,False,False,False,False
isla_no_con_606,True,False,False,False,False,False,False,False,True,False,False,False,False,False
isla_no_con_607,False,False,False,False,False,False,False,False,False,False,False,False,False,False
isla_no_con_608,True,False,False,False,True,False,False,True,False,False,False,False,False,False
isla_no_con_609,False,False,False,False,False,False,False,True,True,False,False,False,False,False
isla_no_con_61,False,False,False,True,False,False,False,False,False,False,False,False,False,False
isla_no_con_610,False,False,False,False,False,False,False,True,True,True,False,False,False,False
isla_no_con_611,False,False,False,False,True,False,False,False,False,True,False,False,False,False
isla_no_con_612,False,True,True,False,False,True,False,False,False,False,True,True,True,True
isla_no_con_613,True,False,False,False,False,False,True,False,False,False,False,False,False,False
isla_no_con_614,False,False,False,False,False,False,False,False,True,False,False,False,False,False
isla_no_con_615,True,False,False,False,False,False,False,False,True,True,False,False,False,False
isla_no_con_616,False,False,False,True,False,False,False,False,True,False,False,False,False,False
isla_no_con_617,False,False,False,False,False,False,False,False,False,False,False,False,False,False
isla_no_con_618,False,False,False,True,False,False,False,False,True,False,False,False,False,True
isla_no_con_619,False,False,False,False,False,False,False,False,False,False,False,False,False,False
isla_no_con_62,False,False,False,False,False,False,False,True,False,False,False,False,False,False
isla_no_con_620,False,False,False,False,False,False,False,False,False,True,False,False,False,False
isla_no_con_621,False,False,False,False,False,False,False,True,False,True,False,False,False,False
isla_no_con_622,False,False,False,False,False,False,True,False,False,False,False,False,False,False
isla_no_con_623,False,False,False,False,False,False,False,False,False,False,False,False,False,False
isla_no_con_624,False,False,False,False,False,False,False,False,False,False,False,False,False,False
isla_no_con_625,False,False,False,False,False,False,False,False,True,False,False,False,False,False
isla_no_con_626,True,False,False,False,False,False,False,False,False,True,False,False,False,False
isla_no_con_627,False,False,False,False,False,False,False,False,True,False,False,False,False,False
isla_no_con_628,False,False,False,False,False,False,False,False,False,False,False,False,False,False
isla_no_con_629,False,False,False,False,False,False,False,False,False,False,False,False,False,False
isla_no_con_63,False,False,False,False,False,False,False,True,True,False,False,False,False,False
isla_no_con_630,False,False,False,False,False,False,False,False,False,False,False,False,False,False
isla_no_con_631,False,False,False,True,False,False,True,False,True,True,False,False,False,False
isla_no_con_632,False,False,True,False,False,False,False,False,False,False,True,False,False,True
isla_no_con_633,False,True,True,False,False,False,False,False,False,False,True,True,False,True
isla_no_con_634,False,False,False,False,False,False,False,False,False,True,False,False,False,False
isla_no_con_635,True,False,False,False,False,False,False,False,False,True,False,False,False,False
isla_no_con_636,False,False,False,False,False,False,False,True,True,True,False,False,False,False
isla_no_con_637,False,False,False,False,False,False,False,False,True,False,False,False,False,False
isla_no_con_638,False,False,False,False,False,False,False,False,True,False,False,False,False,True
isla_no_con_639,False,True,True,False,True,True,True,False,False,False,True,True,False,True
isla_no_con_64,False,False,False,False,False,False,False,True,False,True,False,False,False,False
isla_no_con_640,False,False,False,False,False,False,False,False,False,False,False,False,False,False
isla_no_con_641,False,True,True,False,False,False,False,False,False,True,True,True,False,True
isla_no_con_642,False,True,True,False,True,False,False,False,False,True,True,True,False,True
isla_no_con_643,True,False,False,True,False,False,False,False,False,False,False,False,False,True
isla_no_con_644,False,False,False,False,False,False,False,True,False,False,True,False,False,True
isla_no_con_645,False,False,False,False,False,False,False,False,False,False,False,False,False,False
isla_no_con_646,True,False,False,False,False,False,False,False,False,False,False,False,False,False
isla_no_con_647,False,False,False,False,False,False,False,True,True,True,False,False,False,False
isla_no_con_648,False,False,False,False,False,False,True,False,True,False,False,False,False,False
isla_no_con_649,False,False,False,False,False,False,False,False,False,True,False,False,False,False
isla_no_con_65,False,False,False,False,False,False,False,False,True,False,False,False,False,False
isla_no_con_650,False,False,False,False,True,False,False,True,False,True,False,False,False,False
isla_no_con_651,False,False,False,False,False,False,False,True,False,False,False,False,False,False
isla_no_con_652,False,False,False,False,False,False,False,False,True,True,True,False,False,True
isla_no_con_653,True,False,False,False,False,False,False,True,False,False,False,False,False,False
isla_no_con_654,True,False,False,True,False,False,False,False,False,False,False,False,False,False
isla_no_con_655,False,False,False,False,False,False,False,True,False,False,False,False,False,False
isla_no_con_656,False,False,False,False,True,False,False,True,True,False,False,False,False,True
isla_no_con_657,True,False,False,False,False,False,False,True,True,False,False,False,False,False
isla_no_con_658,True,False,False,True,True,False,False,True,True,True,False,False,False,False
isla_no_con_659,False,False,False,False,False,False,False,False,True,True,False,False,False,False
isla_no_con_66,False,False,False,True,False,False,False,True,False,False,False,False,False,False
isla_no_con_660,True,False,False,False,False,False,False,False,True,True,False,False,False,False
isla_no_con_661,True,False,False,True,False,False,False,False,False,False,False,False,False,False
isla_no_con_662,False,False,False,False,False,False,False,False,False,False,False,False,False,False
isla_no_con_663,False,False,False,False,False,False,True,False,True,True,False,False,False,False
isla_no_con_664,False,False,False,False,False,False,False,False,False,True,False,False,False,False
isla_no_con_665,False,False,False,False,False,False,False,False,False,False,True,False,False,True
isla_no_con_666,False,False,False,True,False,False,False,True,True,False,False,False,False,False
isla_no_con_667,False,False,False,False,False,False,False,True,False,True,False,True,False,False
isla_no_con_668,False,False,False,False,False,False,False,False,True,False,False,False,False,False
isla_no_con_669,False,False,False,False,False,False,False,True,False,True,False,False,False,False
isla_no_con_67,False,False,False,False,False,False,False,False,True,False,False,False,False,False
isla_no_con_670,False,False,True,False,False,False,False,False,True,False,False,False,False,False
isla_no_con_671,False,False,False,True,False,False,False,False,True,False,False,False,False,False
isla_no_con_672,False,False,False,False,False,False,False,False,False,True,False,False,False,False
isla_no_con_673,False,False,False,True,False,False,True,False,True,False,False,False,False,False
isla_no_con_674,False,False,False,False,False,False,False,False,True,False,False,False,False,False
isla_no_con_675,False,False,False,False,False,False,False,False,False,True,False,False,False,False
isla_no_con_676,False,False,False,False,False,False,False,True,False,False,False,False,False,False
isla_no_con_677,True,False,False,False,False,False,False,False,False,False,False,False,False,False
isla_no_con_678,True,False,False,True,False,False,False,False,False,False,False,False,False,False
isla_no_con_679,False,False,False,True,False,False,False,False,True,False,False,False,False,False
isla_no_con_68,True,False,False,True,False,False,False,False,True,False,False,False,False,False
isla_no_con_680,True,False,False,True,False,False,False,True,True,True,False,False,False,False
isla_no_con_681,False,False,False,True,False,False,False,False,True,False,False,False,False,False
isla_no_con_682,False,False,False,True,False,False,False,True,True,True,False,False,False,False
isla_no_con_683,False,False,False,True,False,False,False,False,True,False,False,False,False,False
isla_no_con_684,False,False,True,False,False,False,False,False,False,False,True,False,False,True
isla_no_con_685,False,True,True,False,True,False,False,False,False,True,True,True,False,True
isla_no_con_686,False,False,False,True,False,False,True,False,False,False,False,False,False,False
isla_no_con_687,True,False,False,False,False,False,False,False,True,True,False,False,False,False
isla_no_con_688,False,False,False,False,False,False,False,True,False,True,False,False,False,False
isla_no_con_689,True,False,False,True,False,False,False,False,True,True,False,False,False,False
isla_no_con_69,False,True,True,False,False,False,False,True,True,True,False,False,False,False
isla_no_con_690,False,False,False,False,False,False,False,True,True,True,False,False,False,True
isla_no_con_691,False,False,False,False,False,True,False,False,False,False,False,False,False,False
isla_no_con_692,False,False,False,True,False,False,False,True,True,True,False,False,False,False
isla_no_con_693,False,False,False,False,True,False,False,True,False,False,False,False,False,False
isla_no_con_694,True,False,False,True,False,False,False,False,False,True,False,False,False,False
isla_no_con_695,False,False,False,False,False,True,False,False,True,True,False,False,False,False
isla_no_con_696,False,False,False,False,False,False,False,True,True,False,False,False,False,False
isla_no_con_697,False,False,False,False,False,False,False,False,True,False,False,False,False,False
isla_no_con_698,False,False,False,False,False,False,False,False,False,False,False,False,False,False
isla_no_con_699,True,False,False,True,False,False,False,False,False,False,False,False,False,False
isla_no_con_7,False,False,False,True,False,False,False,False,True,False,False,False,False,False
isla_no_con_70,True,False,False,True,True,False,False,False,False,False,False,False,False,False
isla_no_con_700,True,False,False,False,False,False,False,False,False,False,False,False,False,False
isla_no_con_701,False,False,False,False,False,False,True,False,False,True,False,False,False,False
isla_no_con_702,False,True,True,False,False,True,True,False,False,False,True,True,False,True
isla_no_con_703,False,False,False,False,False,False,False,True,False,False,False,False,False,False
isla_no_con_704,False,False,False,False,False,False,False,False,False,False,False,False,False,False
isla_no_con_705,False,False,False,False,False,False,False,True,False,False,False,False,False,True
isla_no_con_706,True,False,False,False,False,False,False,False,True,False,False,False,False,False
isla_no_con_707,False,False,True,False,False,False,False,False,False,False,False,False,False,False
isla_no_con_708,False,False,False,False,False,False,False,False,False,True,False,False,False,True
isla_no_con_709,True,False,False,False,False,False,False,False,False,False,False,False,False,False
isla_no_con_71,True,False,False,True,False,False,False,False,False,True,False,False,False,False
isla_no_con_710,False,False,False,False,True,False,False,False,False,False,False,False,False,False
isla_no_con_711,False,False,False,True,False,False,False,False,True,False,False,False,False,False
isla_no_con_712,False,False,True,False,True,False,False,False,False,False,True,False,False,True
isla_no_con_713,False,False,False,False,False,False,False,False,False,False,False,False,False,False
isla_no_con_714,True,False,False,False,False,False,False,False,True,True,False,False,False,False
isla_no_con_715,False,True,True,False,False,False,False,False,False,False,True,True,False,True
isla_no_con_716,False,False,False,False,False,False,True,False,False,False,False,False,False,False
isla_no_con_717,False,False,False,False,False,False,False,False,False,False,False,False,False,False
isla_no_con_718,True,False,False,False,False,False,False,True,False,True,False,False,False,False
isla_no_con_719,False,False,False,False,False,False,False,True,False,True,False,False,False,False
isla_no_con_72,False,False,False,True,False,False,False,False,True,False,False,False,False,False
isla_no_con_720,False,True,True,False,False,False,True,False,False,True,True,True,False,True
isla_no_con_721,False,True,True,False,False,False,False,False,True,False,True,True,False,True
isla_no_con_722,False,False,False,False,False,False,False,False,True,False,False,False,False,False
isla_no_con_723,False,False,False,False,False,False,False,False,False,False,False,False,False,False
isla_no_con_724,False,False,False,False,False,False,False,True,False,False,False,False,False,False
isla_no_con_725,False,False,False,False,False,False,False,False,False,True,False,False,False,False
isla_no_con_726,False,False,False,False,False,False,False,False,False,True,False,False,False,False
isla_no_con_727,False,False,False,False,False,False,True,False,False,False,False,False,False,False
isla_no_con_728,False,False,False,False,False,False,True,True,True,True,False,True,False,False
isla_no_con_729,True,False,False,False,True,False,False,False,True,False,False,False,False,False
isla_no_con_73,False,False,False,False,False,False,False,True,False,False,False,False,False,False
isla_no_con_730,True,False,False,False,False,False,False,False,False,False,False,False,False,False
isla_no_con_731,False,False,False,False,False,False,False,True,False,True,False,False,False,False
isla_no_con_732,True,False,False,False,False,False,False,True,False,True,False,False,False,False
isla_no_con_733,False,False,False,False,True,False,False,False,False,False,False,False,False,False
isla_no_con_734,False,False,False,True,False,False,True,True,True,False,False,False,False,False
isla_no_con_735,False,False,False,True,False,False,False,False,True,False,False,False,False,False
isla_no_con_736,True,False,False,True,False,False,False,False,True,False,False,False,False,False
isla_no_con_737,True,False,False,True,False,False,False,False,False,False,False,False,False,False
isla_no_con_738,False,False,False,False,False,False,False,True,True,True,False,False,False,True
isla_no_con_739,False,False,False,False,False,False,False,True,False,True,False,False,False,True
isla_no_con_74,False,False,False,False,False,False,False,False,False,False,False,False,False,True
isla_no_con_740,False,False,False,False,False,False,False,False,False,True,False,False,False,False
isla_no_con_741,False,False,False,False,False,False,False,False,False,False,False,False,False,True
isla_no_con_742,False,False,False,True,False,False,False,False,False,False,False,False,False,False
isla_no_con_743,False,False,False,True,False,False,False,True,True,False,False,False,False,False
isla_no_con_744,False,False,False,False,False,False,False,True,True,False,False,False,False,False
isla_no_con_745,False,False,False,False,False,False,False,False,False,False,False,False,True,False
isla_no_con_746,True,False,False,False,False,False,False,False,True,False,False,False,False,False
isla_no_con_747,True,False,False,True,False,False,False,False,False,False,False,False,False,False
isla_no_con_748,False,False,False,False,False,False,False,True,True,True,False,False,False,False
isla_no_con_749,False,False,False,False,False,False,False,False,True,False,False,False,False,False
isla_no_con_75,True,False,False,True,True,False,False,False,False,True,False,False,False,False
isla_no_con_750,False,False,False,False,False,False,False,True,False,True,False,False,False,False
isla_no_con_751,True,False,False,False,False,False,False,True,False,False,False,False,False,False
isla_no_con_752,True,False,False,False,False,False,False,True,False,False,False,False,False,False
isla_no_con_753,False,False,False,False,True,False,False,False,False,False,False,False,False,False
isla_no_con_754,False,False,False,False,False,False,False,False,True,False,False,False,False,False
isla_no_con_755,True,False,False,True,False,False,False,False,True,True,False,False,False,False
isla_no_con_756,False,False,False,True,False,False,False,False,True,False,False,False,False,False
isla_no_con_757,False,False,False,False,False,False,True,False,False,True,False,False,False,True
isla_no_con_758,True,False,False,False,False,False,False,False,False,False,False,False,False,False
isla_no_con_759,False,False,False,True,False,False,False,False,False,True,False,False,False,False
isla_no_con_76,False,False,False,False,False,False,False,True,True,True,False,False,False,False
isla_no_con_760,False,False,False,False,False,False,False,True,False,False,False,False,False,False
isla_no_con_761,True,False,False,False,True,False,False,False,False,False,False,False,False,False
isla_no_con_762,False,False,False,False,False,False,False,False,False,False,False,False,False,False
isla_no_con_763,True,False,False,True,False,False,False,False,False,True,False,False,False,False
isla_no_con_764,False,False,False,False,False,False,False,False,False,True,False,False,False,False
isla_no_con_765,False,False,False,False,False,False,False,False,True,True,False,False,False,False
isla_no_con_766,False,False,False,True,False,False,False,True,False,True,False,False,False,False
isla_no_con_767,True,False,False,True,False,False,True,True,True,False,False,False,False,False
isla_no_con_768,False,False,False,False,False,False,False,False,False,False,False,False,False,False
isla_no_con_769,False,False,False,True,False,False,False,False,True,False,False,False,False,False
isla_no_con_77,False,True,True,False,True,False,False,False,False,True,True,True,False,True
isla_no_con_770,False,False,False,False,False,False,False,True,True,True,False,False,False,False
isla_no_con_771,False,False,False,True,False,False,True,False,False,False,False,False,False,False
isla_no_con_772,False,False,False,False,False,False,False,True,True,False,False,False,False,False
isla_no_con_773,True,False,False,False,False,False,True,False,True,True,False,False,False,False
isla_no_con_774,False,False,False,False,True,False,False,False,False,False,False,False,False,False
isla_no_con_775,False,False,False,False,False,False,False,False,False,True,False,False,False,False
isla_no_con_776,False,False,False,False,False,False,False,False,False,True,False,False,False,False
isla_no_con_777,False,False,False,True,False,False,False,False,True,True,False,False,False,False
isla_no_con_778,False,True,True,False,False,False,False,False,False,True,True,True,False,True
isla_no_con_779,False,False,False,False,False,False,True,False,False,False,False,False,False,False
isla_no_con_78,True,False,False,True,False,False,False,False,True,False,False,False,False,False
isla_no_con_780,False,False,False,True,False,False,False,False,True,True,False,False,False,False
isla_no_con_781,False,False,False,False,False,False,False,False,False,True,False,False,False,False
isla_no_con_782,False,False,False,False,False,False,False,False,False,True,False,False,False,True
isla_no_con_783,True,False,False,True,True,False,False,False,True,False,False,False,False,False
isla_no_con_784,True,False,False,False,False,False,False,True,False,False,False,False,False,False
isla_no_con_785,True,False,False,True,False,False,False,False,True,False,False,False,False,False
isla_no_con_786,False,False,False,False,False,False,False,False,False,False,False,False,False,False
isla_no_con_787,True,False,False,False,False,False,False,False,True,False,False,False,False,False
isla_no_con_788,False,False,False,False,False,False,False,False,False,False,False,False,False,True
isla_no_con_789,False,False,False,False,False,False,False,True,True,False,False,False,False,False
isla_no_con_79,False,False,False,False,False,False,False,False,False,False,False,False,False,True
isla_no_con_790,True,False,False,True,False,False,False,False,False,False,False,False,False,False
isla_no_con_791,False,False,False,False,False,False,False,True,False,True,False,False,False,True
isla_no_con_792,True,False,False,True,False,False,False,False,False,False,False,False,False,False
isla_no_con_793,False,False,False,False,False,False,True,False,False,False,False,False,False,False
isla_no_con_794,False,False,False,False,False,False,False,True,True,False,True,False,False,True
isla_no_con_795,True,False,False,True,False,False,False,False,False,False,False,False,False,False
isla_no_con_796,False,False,False,True,False,False,False,False,False,False,False,False,False,False
isla_no_con_797,True,False,False,False,True,False,False,True,True,True,False,False,False,False
isla_no_con_798,True,False,False,True,False,False,False,False,False,False,False,False,False,False
isla_no_con_799,False,False,False,False,False,False,False,True,False,True,True,False,False,True
isla_no_con_8,False,False,False,False,False,False,False,True,False,True,False,False,False,False
isla_no_con_80,False,False,False,False,False,False,False,True,False,False,False,False,False,False
isla_no_con_800,False,False,False,False,False,False,False,True,False,True,False,False,False,True
isla_no_con_801,False,False,False,False,False,True,False,False,False,False,False,False,False,False
isla_no_con_802,False,False,False,False,False,False,False,False,False,False,False,False,False,False
isla_no_con_803,False,False,False,False,False,False,False,False,False,False,False,True,False,False
isla_no_con_804,False,False,False,False,False,False,False,False,False,True,False,False,False,False
isla_no_con_805,True,False,False,False,False,False,False,False,False,False,False,False,False,False
isla_no_con_806,True,False,False,False,False,False,False,True,False,False,False,False,False,False
isla_no_con_807,False,False,False,False,False,False,False,True,False,True,False,False,False,False
isla_no_con_808,False,False,False,False,False,False,False,True,False,False,False,False,False,False
isla_no_con_809,False,False,False,False,False,False,False,True,False,False,False,False,False,False
isla_no_con_81,True,False,False,False,False,False,False,False,True,False,False,False,False,False
isla_no_con_810,False,False,False,False,False,False,False,True,False,True,False,False,False,False
isla_no_con_811,False,False,False,False,True,False,False,True,False,False,False,True,False,False
isla_no_con_812,True,False,False,False,False,False,True,False,True,False,False,False,False,False
isla_no_con_813,False,False,False,False,False,False,False,False,False,True,False,False,False,False
isla_no_con_814,True,False,False,True,False,False,False,False,False,True,False,False,False,False
isla_no_con_815,False,False,False,False,False,False,True,False,False,True,False,False,False,False
isla_no_con_816,False,False,False,False,False,False,False,False,False,False,False,False,False,False
isla_no_con_817,False,False,False,False,False,False,False,False,False,False,False,False,False,False
isla_no_con_818,True,False,False,False,False,False,False,True,False,True,False,False,False,False
isla_no_con_819,True,False,False,False,False,False,False,False,True,False,False,False,False,False
isla_no_con_82,True,False,False,True,False,False,False,False,False,True,False,False,False,False
isla_no_con_820,False,False,False,False,False,False,False,True,True,True,False,False,False,False
isla_no_con_821,True,False,False,False,False,False,False,False,True,False,False,False,False,False
isla_no_con_822,True,False,False,False,False,False,True,False,True,True,False,False,False,False
isla_no_con_823,False,False,False,False,False,False,False,True,False,True,False,False,False,False
isla_no_con_824,False,False,False,False,False,False,False,False,False,False,False,False,False,False
isla_no_con_825,False,False,False,False,False,False,False,False,False,False,False,False,False,False
isla_no_con_826,False,False,False,False,False,False,False,True,False,True,False,False,False,False
isla_no_con_827,True,False,False,False,False,False,False,False,False,False,False,False,False,False
isla_no_con_828,False,False,False,True,False,False,False,True,True,True,False,False,False,False
isla_no_con_829,False,False,False,False,False,False,False,False,True,False,False,False,False,False
isla_no_con_83,False,False,False,False,False,False,False,False,False,False,False,False,False,True
isla_no_con_830,True,False,False,False,False,False,False,False,False,False,False,False,False,False
isla_no_con_831,False,False,False,True,False,False,False,True,False,False,False,False,False,False
isla_no_con_832,False,False,False,True,True,False,False,False,False,True,False,False,False,False
isla_no_con_833,True,False,False,False,False,False,False,True,False,False,False,False,False,False
isla_no_con_834,False,True,True,False,False,False,False,False,False,False,True,True,False,True
isla_no_con_835,False,False,False,False,False,False,False,False,False,False,False,False,False,False
isla_no_con_836,True,False,False,False,False,False,False,False,False,False,False,False,False,False
isla_no_con_837,False,False,False,False,False,False,True,False,True,False,False,False,False,False
isla_no_con_838,False,False,False,False,False,False,False,False,False,True,False,False,False,False
isla_no_con_839,False,False,False,False,False,False,False,True,True,False,False,False,False,False
isla_no_con_84,False,False,False,False,False,False,False,False,False,False,False,False,False,False
isla_no_con_840,False,False,False,False,True,False,False,False,False,False,False,False,False,False
isla_no_con_841,True,False,False,False,False,False,False,False,True,False,False,False,False,False
isla_no_con_842,False,False,False,False,False,False,False,True,False,False,False,False,False,False
isla_no_con_843,True,False,False,False,False,False,False,True,False,False,False,False,False,False
isla_no_con_844,True,False,False,False,False,False,True,False,False,False,False,False,False,False
isla_no_con_845,False,False,False,False,False,False,False,True,False,True,False,False,False,False
isla_no_con_846,False,False,False,False,True,False,False,False,False,False,False,False,False,False
isla_no_con_847,False,False,False,True,False,False,False,True,True,False,False,False,False,False
isla_no_con_848,False,False,True,False,False,False,False,False,True,False,False,False,False,False
isla_no_con_849,False,False,False,False,False,False,False,False,False,False,False,False,False,False
isla_no_con_85,False,False,False,False,False,False,False,False,False,True,False,False,False,False
isla_no_con_850,False,False,False,False,False,False,True,False,False,False,False,False,False,False
isla_no_con_851,False,False,False,False,False,False,True,False,True,True,False,False,False,False
isla_no_con_852,False,False,False,False,False,False,False,True,False,True,False,False,False,True
isla_no_con_853,False,False,False,False,False,False,True,False,False,False,False,False,False,False
isla_no_con_854,True,False,False,False,False,False,False,False,False,True,False,False,False,False
isla_no_con_855,False,False,False,False,True,False,False,True,False,True,False,False,False,False
isla_no_con_856,True,False,False,False,True,False,False,False,True,False,False,False,False,False
isla_no_con_857,False,False,False,False,False,False,False,True,True,False,False,False,False,False
isla_no_con_858,True,False,False,True,False,False,False,False,False,True,False,False,False,False
isla_no_con_859,True,False,False,False,False,False,False,False,True,False,False,False,False,False
isla_no_con_86,True,False,False,True,False,False,False,True,False,True,False,False,False,False
isla_no_con_860,False,False,True,False,False,False,False,False,False,False,False,False,False,False
isla_no_con_861,False,False,False,False,True,False,False,False,False,False,False,False,False,False
isla_no_con_862,False,False,False,False,False,False,False,True,False,False,False,False,False,False
isla_no_con_863,True,False,False,False,False,False,False,False,False,True,False,False,False,False
isla_no_con_864,False,False,False,False,False,False,False,True,False,False,False,False,False,False
isla_no_con_865,True,False,False,True,False,False,False,False,True,True,False,False,False,False
isla_no_con_866,False,False,True,False,False,True,False,False,False,False,False,False,False,False
isla_no_con_867,False,False,True,False,True,False,False,False,False,False,False,False,False,True
isla_no_con_868,False,False,False,False,False,False,False,False,True,False,False,False,False,False
isla_no_con_869,False,False,False,False,False,False,False,False,False,True,False,False,False,False
isla_no_con_87,False,False,False,False,False,False,False,False,True,False,False,False,False,False
isla_no_con_870,True,False,False,True,False,False,False,False,True,False,False,False,False,False
isla_no_con_871,True,False,False,False,False,False,False,False,False,False,False,False,False,False
isla_no_con_872,True,True,True,False,False,False,False,False,False,False,True,True,True,True
isla_no_con_873,False,False,False,False,False,False,False,False,False,False,False,False,False,False
isla_no_con_874,False,True,True,False,False,False,True,False,False,False,True,True,False,True
isla_no_con_875,False,False,False,False,False,False,False,True,False,True,False,False,False,False
isla_no_con_876,False,False,False,False,False,True,False,False,False,False,False,False,False,False
isla_no_con_877,False,True,True,False,True,True,True,False,False,False,True,True,False,True
isla_no_con_878,True,False,False,False,True,False,False,False,False,False,False,False,False,False
isla_no_con_879,True,False,False,False,False,False,False,True,False,True,False,False,False,False
isla_no_con_88,False,False,False,False,False,False,False,True,False,False,False,False,False,False
isla_no_con_880,False,False,False,False,False,False,False,True,True,False,False,False,False,False
isla_no_con_881,True,False,False,False,True,True,True,False,False,False,False,False,False,False
isla_no_con_882,True,False,False,False,False,False,False,False,True,False,False,False,False,False
isla_no_con_883,False,False,False,False,False,False,False,True,False,False,False,False,False,False
isla_no_con_884,True,False,False,False,False,False,False,True,True,False,True,False,False,False
isla_no_con_885,False,False,False,False,False,False,False,False,True,False,False,False,False,False
isla_no_con_886,True,False,False,False,False,False,False,False,True,False,False,False,False,False
isla_no_con_887,False,True,True,False,False,True,True,False,True,True,True,True,False,True
isla_no_con_888,False,False,False,False,False,False,False,True,True,True,True,False,False,True
isla_no_con_889,False,False,False,False,False,False,True,False,False,False,False,False,False,False
isla_no_con_89,False,False,False,False,False,False,False,False,False,True,False,False,False,False
isla_no_con_890,False,False,False,True,False,False,False,False,True,False,False,False,False,False
isla_no_con_891,True,False,False,False,False,False,False,False,False,False,False,False,False,False
isla_no_con_892,False,False,False,True,False,False,False,False,False,False,False,False,False,False
isla_no_con_893,False,False,False,False,False,False,False,True,True,False,False,False,False,True
isla_no_con_894,False,False,False,True,False,False,False,False,True,True,False,False,False,False
isla_no_con_895,False,False,False,False,False,False,False,True,False,False,False,False,False,False
isla_no_con_896,True,False,False,False,False,False,False,False,False,False,False,False,False,False
isla_no_con_897,True,False,False,True,False,False,False,False,False,False,False,False,False,False
isla_no_con_898,False,False,False,False,False,False,False,False,False,True,False,False,False,False
isla_no_con_899,False,False,False,False,False,False,False,False,False,False,False,False,False,False
isla_no_con_9,False,False,False,False,False,False,False,False,False,False,False,False,False,False
isla_no_con_90,True,False,False,False,False,False,False,False,True,False,False,False,False,False
isla_no_con_900,False,False,False,True,False,False,False,True,False,True,False,False,False,False
isla_no_con_901,False,True,True,False,False,False,False,False,False,True,True,True,False,True
isla_no_con_902,False,False,False,True,False,False,True,False,True,False,False,False,False,False
isla_no_con_903,False,False,False,False,False,False,False,True,False,False,False,False,False,False
isla_no_con_904,False,False,False,True,False,False,False,True,False,True,False,False,False,False
isla_no_con_905,False,False,False,False,False,False,False,False,True,False,False,False,False,True
isla_no_con_906,False,False,False,False,False,False,False,False,True,True,False,False,False,False
isla_no_con_907,False,False,False,False,True,False,False,False,False,False,False,False,False,False
isla_no_con_908,False,False,False,False,False,False,False,False,False,True,False,False,True,False
isla_no_con_909,True,False,False,True,True,False,False,False,True,False,False,False,False,False
isla_no_con_91,False,False,False,False,True,False,False,True,True,True,False,False,False,False
isla_no_con_910,False,False,False,False,False,False,False,True,False,False,False,False,False,False
isla_no_con_911,False,False,False,False,True,False,False,True,False,False,False,False,False,False
isla_no_con_912,False,False,False,True,False,False,False,False,True,False,False,False,False,False
isla_no_con_913,False,False,False,False,False,False,False,False,False,False,False,False,False,False
isla_no_con_914,False,False,False,True,False,False,True,False,False,True,False,False,False,False
isla_no_con_915,False,False,False,False,False,False,False,True,True,False,False,False,False,False
isla_no_con_916,False,False,False,False,False,False,False,False,False,False,False,False,False,False
isla_no_con_917,True,False,False,False,False,False,False,False,False,False,False,False,False,False
isla_no_con_918,False,True,True,False,False,False,False,False,False,True,True,True,False,True
isla_no_con_919,False,False,False,True,False,False,False,False,False,False,False,False,False,False
isla_no_con_92,False,False,False,True,True,False,False,True,False,True,False,False,False,False
isla_no_con_920,False,True,True,True,False,False,False,False,True,True,True,True,False,True
isla_no_con_921,False,False,False,True,False,False,False,False,True,False,False,False,False,False
isla_no_con_922,True,False,False,True,False,False,False,False,False,False,False,False,False,False
isla_no_con_923,False,False,False,False,False,False,False,False,True,True,False,False,False,False
isla_no_con_924,False,False,False,False,False,False,False,False,False,True,False,False,False,False
isla_no_con_925,False,False,False,False,False,False,False,False,False,False,False,True,False,False
isla_no_con_926,False,False,False,True,False,False,False,False,False,True,False,False,False,False
isla_no_con_927,True,False,False,False,False,False,False,False,False,False,False,False,False,False
isla_no_con_928,False,False,False,True,False,False,False,True,False,False,False,False,False,False
isla_no_con_929,False,False,False,True,False,False,False,True,True,True,False,False,False,False
isla_no_con_93,False,True,True,False,False,True,True,False,True,True,True,True,False,True
isla_no_con_930,False,False,False,False,False,False,True,True,True,False,False,False,False,False
isla_no_con_931,False,False,False,False,False,False,False,True,True,True,False,False,False,False
isla_no_con_932,False,False,False,False,False,False,False,True,False,False,False,False,False,False
isla_no_con_933,False,False,False,False,False,False,False,True,False,False,False,False,False,False
isla_no_con_934,False,False,False,True,False,False,False,False,False,True,False,False,False,False
isla_no_con_935,False,False,False,True,False,False,False,True,False,False,False,False,False,False
isla_no_con_936,False,False,False,False,False,False,False,False,True,False,False,False,False,False
isla_no_con_937,False,False,False,False,False,False,False,False,False,False,True,False,False,True
isla_no_con_938,True,False,False,True,False,False,False,False,False,False,False,False,False,False
isla_no_con_939,True,False,False,False,False,False,False,False,True,False,False,False,False,False
isla_no_con_94,False,False,False,False,False,False,False,True,False,False,False,False,True,False
isla_no_con_940,False,False,True,False,False,False,False,False,False,False,False,False,False,False
isla_no_con_941,False,False,False,False,False,False,False,True,False,True,False,False,False,True
isla_no_con_942,True,False,False,True,False,False,False,False,True,False,False,False,False,False
isla_no_con_943,False,False,False,False,False,False,False,False,False,False,True,False,False,True
isla_no_con_944,False,False,False,False,False,False,False,True,True,False,False,False,False,False
isla_no_con_945,False,False,False,False,False,True,False,True,False,True,False,False,False,False
isla_no_con_946,True,False,False,False,False,False,False,True,False,False,False,False,False,False
isla_no_con_947,False,True,True,False,False,False,False,False,True,False,True,True,False,True
isla_no_con_948,False,False,False,False,False,False,False,True,False,False,False,False,False,False
isla_no_con_949,False,False,False,False,False,False,False,True,False,True,False,False,False,False
isla_no_con_95,True,False,False,True,False,False,False,False,False,False,False,False,False,False
isla_no_con_950,True,False,False,True,False,False,True,False,True,False,False,False,False,False
isla_no_con_951,True,False,False,False,False,False,False,False,False,False,False,False,False,False
isla_no_con_952,False,False,False,False,False,False,False,False,False,False,False,False,False,False
isla_no_con_953,True,False,False,False,False,False,False,False,False,False,False,False,False,False
isla_no_con_954,False,False,False,False,True,False,False,True,False,False,False,False,False,False
isla_no_con_955,False,True,True,False,False,False,False,False,False,False,True,True,False,True
isla_no_con_956,True,False,False,True,False,False,False,False,True,False,False,False,False,False
isla_no_con_957,False,False,False,True,False,False,False,False,True,False,False,False,False,False
isla_no_con_958,False,False,False,False,False,False,True,False,True,False,False,False,False,False
isla_no_con_959,False,False,False,False,True,False,False,True,False,False,False,False,False,True
isla_no_con_96,True,False,False,False,False,False,False,False,False,False,False,False,False,False
isla_no_con_960,False,True,True,False,False,False,True,False,False,False,True,True,False,True
isla_no_con_961,False,True,True,False,False,False,False,False,True,False,True,True,False,True
isla_no_con_962,True,False,False,False,False,False,False,False,False,False,False,False,False,False
isla_no_con_963,True,False,False,False,False,False,False,False,False,False,False,False,False,False
isla_no_con_964,False,False,False,True,False,False,False,False,False,False,False,False,False,False
isla_no_con_965,False,False,False,False,False,False,True,False,True,False,False,False,False,False
isla_no_con_966,False,False,False,False,False,False,False,False,False,False,False,False,False,True
isla_no_con_967,False,False,False,False,False,False,False,False,True,True,False,False,False,False
isla_no_con_968,False,False,False,True,False,False,False,True,False,False,False,False,False,False
isla_no_con_969,True,False,False,False,False,False,False,False,False,False,False,False,False,False
isla_no_con_97,False,False,False,True,False,False,False,False,True,False,False,False,False,False
isla_no_con_970,False,False,False,False,False,False,False,False,False,False,False,False,False,False
isla_no_con_971,True,False,False,False,False,False,False,True,False,True,False,False,False,False
isla_no_con_972,False,False,False,False,False,False,False,True,True,False,True,False,False,True
isla_no_con_973,False,False,True,False,False,False,False,False,False,True,False,True,False,False
isla_no_con_974,False,False,False,True,True,False,False,False,True,False,False,False,False,False
isla_no_con_975,False,False,False,False,False,False,False,False,False,True,False,False,False,False
isla_no_con_976,True,False,False,True,False,False,False,False,True,False,False,False,False,False
isla_no_con_977,False,False,False,True,False,False,False,False,True,False,False,False,False,False
isla_no_con_978,False,False,False,True,False,False,False,True,False,True,False,False,False,False
isla_no_con_979,False,False,False,False,False,False,True,False,True,False,False,False,False,False
isla_no_con_98,True,False,False,True,False,False,False,False,False,False,False,False,False,False
isla_no_con_980,True,False,False,False,False,False,False,False,False,False,False,False,False,False
isla_no_con_981,True,False,False,True,False,False,False,False,True,True,False,False,False,False
isla_no_con_982,False,False,False,False,False,False,False,True,False,True,False,False,False,False
isla_no_con_983,False,False,False,False,False,False,False,True,False,False,False,False,False,False
isla_no_con_984,False,False,False,False,False,False,False,False,False,False,False,False,False,False
isla_no_con_985,True,False,False,False,False,False,False,False,False,False,False,False,False,False
isla_no_con_986,False,False,False,True,False,False,True,False,False,False,False,False,False,True
isla_no_con_987,False,False,False,False,False,False,False,False,True,False,False,False,False,False
isla_no_con_988,True,False,False,False,False,False,True,False,True,False,False,False,False,False
isla_no_con_989,False,False,False,True,False,False,False,False,True,False,False,False,False,False
isla_no_con_99,False,False,False,False,False,False,False,True,False,True,False,False,False,False
isla_no_con_990,True,False,False,False,False,False,False,True,True,False,False,False,False,False
isla_no_con_991,False,False,False,False,True,False,False,False,False,False,False,False,False,False
isla_no_con_992,False,False,False,False,False,False,False,True,True,True,False,False,False,False
isla_no_con_993,False,False,False,True,False,False,True,False,True,False,False,False,False,False
isla_no_con_994,False,False,False,True,False,False,False,False,True,True,False,False,False,False
isla_no_con_995,False,False,False,True,False,False,False,False,False,False,False,False,False,False
isla_no_con_996,True,False,False,True,False,False,False,True,True,False,False,False,False,False
isla_no_con_997,True,False,False,False,False,False,False,True,False,False,False,False,False,False
isla_no_con_998,False,False,False,False,False,False,False,False,True,False,False,False,False,False
isla_no_con_999,False,False,False,False,True,False,False,False,False,False,False,False,False,False
