Metric,Budget,Mean,Std
STD,5,0.15931025855830358,0.055352036942431654
STD,10,0.15020542345948878,0.0471307919994919
STD,15,0.14410371986581846,0.046426363688157044
STD,20,0.13356483110154865,0.037871145679298494
STD,25,0.1228006008660096,0.030526329405472837
STD,30,0.12227579469438883,0.03190793925402934
STD,35,0.11864721043450314,0.037671854311287584
STD,40,0.1105181439224999,0.0517925463272996
STD,45,0.10854597322402552,0.05266632880894026
STD,50,0.10272112550046572,0.05343923600535206
STD,55,0.09785104491340162,0.053261502966717014
STD,60,0.09510404721273939,0.05683730108736962
STD,65,0.09434967521571322,0.05997015609677253
STD,70,0.09236949468600227,0.061041533968731104
STD,75,0.09243617719442791,0.06288022815139492
STD,80,0.08970045410686704,0.06368472277764954
STD,85,0.08540035141474682,0.060313112858694846
STD,90,0.08285143351002641,0.059916230418625156
STD,95,0.07612691764096441,0.06369193834784789
STD,100,0.07270601665508677,0.0638590939834871
PKHM,5,0.09540022331473444,0.07221643230928823
PKHM,10,0.047846192456479496,0.04672768968355454
PKHM,15,0.0339217451671372,0.035571447147976824
PKHM,20,0.022657492247785356,0.026302117246043498
PKHM,25,0.014593212973427458,0.022586428903806834
PKHM,30,0.014720207141406932,0.02311708518257494
PKHM,35,0.014956764209592879,0.026880460130607912
PKHM,40,,
PKHM,45,,
PKHM,50,,
PKHM,55,,
PKHM,60,,
PKHM,65,,
PKHM,70,,
PKHM,75,,
PKHM,80,,
PKHM,85,,
PKHM,90,,
PKHM,95,,
PKHM,100,,
