Metric,B,Value
STD,5,0.19425061887520872
STD,10,0.1647894726952471
STD,15,0.14456842762762415
STD,20,0.11756799413313812
STD,25,0.1247664084067903
STD,30,0.11035290702541732
STD,35,0.10268603258944421
STD,40,0.0957425575875723
STD,45,0.10159816818156713
STD,50,0.10241507397768357
STD,55,0.09938677555711523
STD,60,0.10088472409463187
STD,65,0.10132430573871404
STD,70,0.10132430179100964
STD,75,0.10132430179100964
STD,80,0.1011596790562821
STD,85,0.1008847121999146
STD,90,0.10049849551164633
STD,95,0.10934123304839946
STD,100,0.10934123304839946
PEG,5,0.7949383755199901
PEG,10,0.3731033360108472
PEG,15,0.19679760229465626
PEG,20,0.3250441778054636
PEG,25,0.4258234616070161
PEG,30,0.47591295621312346
PEG,35,0.5129472039241929
PEG,40,0.5690971268087877
PEG,45,0.6409118721190261
PEG,50,0.6987312663430282
PEG,55,0.7380154456175811
PEG,60,0.7663563733558951
PEG,65,0.7851021953477277
PEG,70,0.8038175740842325
PEG,75,0.8038175740842325
PEG,80,0.8131810171085702
PEG,85,0.8225548408000354
PEG,90,0.8319421754259855
PEG,95,0.8353528433205137
PEG,100,0.8353528433205137
PMR,5,0.58
PMR,10,0.2
PMR,15,0.42
PMR,20,0.68
PMR,25,0.78
PMR,30,0.8
PMR,35,0.82
PMR,40,0.88
PMR,45,0.94
PMR,50,0.98
PMR,55,1.0
PMR,60,1.0
PMR,65,1.0
PMR,70,1.0
PMR,75,1.0
PMR,80,1.0
PMR,85,1.0
PMR,90,1.0
PMR,95,1.0
PMR,100,1.0
PKHM,5,0.2002192640112817
PKHM,10,0.0876666334939527
PKHM,15,0.030111559152490083
PKHM,20,0.004548057583845584
PKHM,25,0.004966516475597798
PKHM,30,0.0013930312368832468
PKHM,35,0.0005524196586285922
PKHM,40,0.00017944801530861318
PKHM,45,0.0002687374554509508
PKHM,50,0.0002197873160040136
PKHM,55,0.00012008446915002324
PKHM,60,0.00012244150789165358
PKHM,65,0.00011455841046322067
PKHM,70,0.00010062714841619518
PKHM,75,0.00010062714841619518
PKHM,80,9.202405866811e-05
PKHM,85,8.271778244983747e-05
PKHM,90,7.301210974113511e-05
PKHM,95,0.00020286385606024175
PKHM,100,0.00020286385606024175
